2025-07-28,stockCode,publishDate,stockName,style,hasPosition,Current drawdown,Largest drawdown,fall_to_lowest_drawdown,pe,pe10pos,pb,pb10pos,roe,div,funds
A股,899050,2022-11-21,北证50,成长,,15.67%,-45.73%,-53.08%,7.7e+01,94.00%,5.1,94.00%,6.62%,0.69%,"广发北证50成份指数A(017512), 广发北证50成份指数C(017513), 易方达北证50成份指数A(017515), 易方达北证50成份指数C(017516), 招商北证50成份指数发起式A(017517), 招商北证50成份指数发起式C(017518), 汇添富北证50成份指数A(017519), 汇添富北证50成份指数C(017520), 富国北证50成份指数A(017521), 富国北证50成份指数C(017522), 南方北证50成份指数发起A(017523), 南方北证50成份指数发起C(017524), 华夏北证50成份指数A(017525), 华夏北证50成份指数C(017526), 嘉实北证50成份指数A(017527), 嘉实北证50成份指数C(017528), 工银北证50成份指数A(018112), 工银北证50成份指数C(018113), 鹏扬北证50成份指数A(018114), 鹏扬北证50成份指数C(018115), 万家北证50成份指数发起式A(018120), 万家北证50成份指数发起式C(018121), 博时北证50成份指数发起式A(018128), 博时北证50成份指数发起式C(018129), 创金合信北证50成份指数增强A(019993), 创金合信北证50成份指数增强C(019994), 东财北证50指数发起式A(020828), 东财北证50指数发起式C(020829), 华安北证50成份指数发起式A(021172), 中欧北证50成份指数发起A(021298), 中欧北证50成份指数发起C(021299)"
A股,930050,2024-01-02,中证A50,价值,,-4.67%,-13.30%,-9.05%,1.7e+01,92.59%,2.1,92.59%,12.35%,2.89%,"摩根中证A50ETF发起式联接A(021177), 摩根中证A50ETF发起式联接C(021178), 平安中证A50ETF联接A(021183), 平安中证A50ETF联接C(021184), 易方达中证A50ETF联接发起式A(021206), 易方达中证A50ETF联接发起式C(021207), 银华中证A50ETF联接A(021208), 银华中证A50ETF联接C(021209), 富国中证A50ETF发起式联接A(021210), 富国中证A50ETF发起式联接C(021211), 大成中证A50ETF联接A(021212), 大成中证A50ETF联接C(021213), 嘉实中证A50ETF联接A(021214), 嘉实中证A50ETF联接C(021215), 华宝中证A50ETF发起式联接A(021216), 华宝中证A50ETF发起式联接C(021217), 华泰柏瑞中证A50ETF发起式联接A(021222), 华泰柏瑞中证A50ETF发起式联接C(021223), 工银中证A50ETF联接A(021231), 工银中证A50ETF联接C(021232), 博时中证A50指数发起式A(021233), 浦银安盛中证A50指数增强A(021256), 浦银安盛中证A50指数增强C(021257), 大成中证A50ETF联接E(021359), 中欧中证A50指数A(021889), 中欧中证A50指数C(021890), 摩根中证A50ETF(560350), 中证A50ETF基金(561230), 嘉实中证A50ETF(562890), 易方达中证A50ETF(563080), 中证A50(563350), 富国中证A50ETF(159591), A50ETF基金(159592), 平安中证A50ETF(159593), 大成中证A50ETF(159595), 华宝中证A50ETF(159596)"
A股,930598,2015-03-02,稀土产业,周期,,-17.40%,-59.24%,-50.65%,3.9e+01,69.56%,2.8,69.56%,7.18%,0.83%,"嘉实中证稀土产业ETF联接A(011035), 嘉实中证稀土产业ETF联接C(011036), 华泰柏瑞中证稀土产业ETF发起式联接A(014331), 华泰柏瑞中证稀土产业ETF发起式联接C(014332), 嘉实中证稀土产业ETF(516150), 稀土ETF(516780), 富国中证稀土产业ETF(159713), 易方达中证稀土产业ETF(159715)"
A股,930599,2015-03-02,中证高装,成长,,-33.82%,-66.95%,-50.06%,3.7e+01,52.47%,3.1,52.47%,8.38%,1.14%,"东财高端制造增强A(011667), 东财高端制造增强C(011668), 天弘中证高端装备制造增强A(012212), 天弘中证高端装备制造增强C(012213), 东财高端制造增强E(020987)"
A股,930601,2015-03-10,中证软件,成长,,-48.83%,-71.63%,-44.56%,2.4e+02,65.36%,5.3,65.36%,2.21%,0.49%,"嘉实中证软件服务ETF联接A(012619), 嘉实中证软件服务ETF联接C(012620), 万家中证软件服务ETF发起式联接A(018182), 万家中证软件服务ETF发起式联接C(018183), 易方达中证软件服务ETF联接发起式A(019061), 易方达中证软件服务ETF联接发起式C(019062), 博时中证软件服务指数发起式A(019503), 博时中证软件服务指数发起式C(019504), 天弘中证软件服务指数发起A(021535), 天弘中证软件服务指数发起C(021536), 万家中证软件服务ETF(560360), 易方达中证软件服务ETF(562930), 嘉实中证软件服务ETF(159852)"
A股,930604,2015-03-23,中国互联网30,成长,,-45.76%,-73.25%,-50.68%,1.9e+01,32.82%,3.2,32.82%,16.84%,0.80%,"广发中证海外中国互联网30（QDII-ETF）(159605), 嘉实中证海外中国互联网30ETF（QDII）(159607)"
A股,930606,2015-03-31,中证钢铁,周期,,-55.89%,-70.61%,-33.37%,-2.4e+02,49.63%,1.1,49.63%,-0.46%,1.62%,"国泰中证钢铁ETF联接A(008189), 国泰中证钢铁ETF联接C(008190), 财通资管中证钢铁指数发起式A(013802), 财通资管中证钢铁指数发起式C(013803), 国泰中证钢铁ETF(515213), 国泰中证钢铁ETF(515210)"
A股,930608,2015-03-31,中证基建,价值,,-23.95%,-43.35%,-25.51%,9.2,15.61%,0.82,15.61%,8.91%,2.77%,"银华中证基建ETF发起式联接A(015761), 银华中证基建ETF发起式联接C(015762), 国泰中证基建ETF发起联接A(016836), 国泰中证基建ETF发起联接C(016837), 华安中证基建指数发起式A(016908), 华安中证基建指数发起式C(016909), 华夏中证基建ETF发起式联接A(017683), 华夏中证基建ETF发起式联接C(017684), 基建ETF(516950), 国泰中证基建ETF(159619), 华夏中证基建ETF(159635)"
A股,930614,2015-04-07,环保50,成长,,-55.87%,-62.36%,-14.71%,3.1e+01,31.88%,2.5,31.88%,8.06%,1.89%,"国泰中证环保产业50ETF联接A(012503), 国泰中证环保产业50ETF联接C(012504), 国泰中证环保产业50ETF联接E(021610), 国泰中证环保产业50ETF(159861)"
A股,930625,2015-04-21,SHS互联网,成长,,-27.33%,-63.51%,-49.79%,2.7e+01,25.37%,3.7,25.37%,13.70%,0.76%,"东财沪港深互联网指数A(012371), 东财沪港深互联网指数C(012372), 工银沪港深互联网ETF发起式联接A(012759), 工银沪港深互联网ETF发起式联接C(012760), 东财沪港深互联网指数E(021358), 互联网50(517050), 嘉实中证沪港深互联网ETF(517200), 汇添富中证沪港深互联网ETF(159729), 互联网龙头ETF(159856)"
A股,930632,2015-05-12,CS稀金属,周期,,-43.01%,-66.21%,-40.71%,3.8e+01,34.18%,2.9,34.18%,7.63%,0.99%,"华宝中证稀有金属指数增强发起A(013942), 华宝中证稀有金属指数增强发起C(013943), 嘉实中证稀有金属主题ETF发起联接A(014110), 嘉实中证稀有金属主题ETF发起联接C(014111), 工银中证稀有金属主题ETF发起式联接A(019087), 工银中证稀有金属主题ETF发起式联接C(019088), 广发中证稀有金属ETF发起式联接A(019874), 广发中证稀有金属ETF发起式联接C(019875), 华富中证稀有金属主题ETF(561800), 嘉实中证稀有金属主题ETF(562800), 广发中证稀有金属ETF(159608), 稀有金属ETF基金(159671)"
A股,930633,2015-05-08,中证旅游,成长,,-43.34%,-53.17%,-17.35%,-3e+02,46.00%,2.4,46.00%,-0.80%,0.81%,"华夏中证旅游主题ETF(562510), 富国中证旅游主题ETF(159766)"
A股,930641,2015-05-19,中证中药,成长,,-24.22%,-42.37%,-23.95%,2.6e+01,12.31%,2.5,12.31%,9.62%,2.65%,"鹏华中证中药ETF联接A(016891), 鹏华中证中药ETF联接C(016892), 汇添富中证中药ETF联接（LOF）A(501011), 汇添富中证中药ETF联接（LOF）C(501012), 汇添富中证中药ETF(560080), 中医药(561510), 中药(562390), 中药ETF(159647)"
A股,930651,2015-06-05,CS计算机,成长,,-59.19%,-75.53%,-40.04%,6.7e+01,51.07%,4.4,51.07%,6.57%,0.83%,"天弘中证计算机主题ETF联接A(001629), 天弘中证计算机主题ETF联接C(001630), 国泰中证计算机主题ETF联接C(010210), 国泰中证计算机主题ETF联接A(160224), 国泰中证计算机主题ETF(512720), 天弘中证计算机主题ETF(159998)"
A股,930652,2015-06-05,CS电子,成长,,-22.28%,-62.10%,-51.24%,5e+01,76.98%,4.2,76.98%,8.40%,0.73%,"天弘中证电子ETF联接A(001617), 天弘中证电子ETF联接C(001618), 天弘中证电子ETF(159997)"
A股,930653,2015-06-05,CS食品饮,成长,,-51.20%,-60.40%,-18.85%,2.1e+01,14.33%,4.3,14.33%,20.48%,3.32%,"天弘中证食品饮料ETF联接A(001631), 天弘中证食品饮料ETF联接C(001632), 东财食品饮料指数增强A(012340), 东财食品饮料指数增强C(012341), 天弘中证食品饮料ETF(159736)"
A股,930697,2015-07-07,家用电器,成长,,-16.52%,-42.54%,-31.17%,1.5e+01,14.58%,2.7,14.58%,18.00%,3.49%,"广发中证全指家用电器ETF联接A(005063), 广发中证全指家用电器ETF联接C(005064), 国泰中证全指家用电器ETF联接A(008713), 国泰中证全指家用电器ETF联接C(008714), 富国中证全指家用电器ETF发起式联接A(017226), 富国中证全指家用电器ETF发起式联接C(017227), 嘉实中证全指家用电器指数发起式A(018564), 嘉实中证全指家用电器指数发起式C(018565), 广发中证全指家用电器ETF(560880), 富国中证全指家用电器ETF(561120), 国泰中证全指家用电器ETF(159996)"
A股,930707,2015-07-13,中证畜牧,周期,,-52.02%,-63.56%,-24.05%,1.4e+01,14.54%,2.7,14.54%,19.29%,2.17%,"国泰中证畜牧养殖ETF联接A(012724), 国泰中证畜牧养殖ETF联接C(012725), 招商中证畜牧养殖ETF联接A(014414), 招商中证畜牧养殖ETF联接C(014415), 招商中证畜牧养殖ETF(516670), 平安中证畜牧养殖ETF(516760), 国泰中证畜牧养殖ETF(159865), 畜牧ETF(159867)"
A股,930708,2015-07-13,中证有色,周期,,-24.71%,-52.23%,-36.55%,2e+01,46.33%,2.5,46.33%,12.50%,1.71%,"东财有色增强A(011630), 东财有色增强C(011631), 国泰中证有色金属ETF发起联接A(013218), 国泰中证有色金属ETF发起联接C(013219), 财通资管中证有色金属指数发起式A(013437), 财通资管中证有色金属指数发起式C(013438), 华宝中证有色金属ETF发起式联接A(017140), 华宝中证有色金属ETF发起式联接C(017141), 东财有色增强E(020735), 有色金属(159871), 华宝中证有色金属ETF(159876), 国泰中证有色金属ETF(159881)"
A股,930709,2015-07-13,香港证券,周期,,-0.40%,-62.69%,-62.54%,1.6e+01,73.90%,1.3,73.90%,8.12%,2.15%,易方达中证香港证券投资主题ETF(513090)
A股,930712,2015-07-31,CS物联网,成长,,-19.52%,-46.49%,-33.51%,2.7e+01,29.76%,3.7,29.76%,13.70%,1.48%,"易方达中证物联网主题ETF联接发起式A(019167), 易方达中证物联网主题ETF联接发起式C(019168), 华夏中证物联网主题ETF发起式联接A(019975), 华夏中证物联网主题ETF发起式联接C(019976), 华夏中证物联网主题ETF(516260), 物联网(516330), 招商中证物联网主题ETF(159701), 易方达中证物联网主题ETF(159895), 南方中证物联网主题ETF(159896)"
A股,930713,2015-07-31,CS人工智,成长,,-17.62%,-54.61%,-44.90%,6.1e+01,79.18%,5.4,79.18%,8.85%,0.68%,"华夏中证人工智能主题ETF联接A(008585), 华夏中证人工智能主题ETF联接C(008586), 融通人工智能指数(LOF)C(009239), 西部利得中证人工智能主题指数增强A(011832), 西部利得中证人工智能主题指数增强C(011833), 天弘中证人工智能A(011839), 天弘中证人工智能C(011840), 易方达中证人工智能主题ETF联接A(012733), 易方达中证人工智能主题ETF联接C(012734), 华夏中证人工智能主题ETF联接D(021580), 平安人工智能ETF(512930), 华夏中证人工智能主题ETF(515070), 易方达中证人工智能主题ETF(159819), 融通人工智能指数(LOF)A(161631)"
A股,930716,2015-07-31,CS物流,成长,,-45.48%,-58.36%,-23.62%,1.3e+01,15.79%,1.3,15.79%,10.00%,3.87%,"物流快递(516530), 富国中证现代物流ETF(516910)"
A股,930719,2015-08-05,CS精准医,成长,,-51.25%,-71.59%,-41.72%,7.3e+01,35.54%,5.4,35.54%,7.40%,0.91%,"汇添富中证精准医疗指数（LOF）A(501005), 汇添富中证精准医疗指数（LOF）C(501006)"
A股,930721,2015-08-05,CS智汽车,成长,,-22.23%,-51.21%,-37.26%,3.6e+01,22.23%,3.3,22.23%,9.17%,0.85%,"天弘中证智能汽车A(010955), 天弘中证智能汽车C(010956), 富国中证智能汽车指数（LOF）C(013292), 富国中证智能汽车主题ETF(515250), 智能驾驶(516520), 汇添富中证智能汽车主题ETF(159795), 华夏中证智能汽车主题ETF(159888), 国泰中证智能汽车主题ETF(159889), 富国中证智能汽车指数（LOF）A(161033)"
A股,930726,2015-08-05,CS生医,成长,,-56.20%,-68.60%,-28.31%,5.4e+01,22.33%,4.9,22.33%,9.07%,1.03%,"国泰中证生物医药ETF联接A(006756), 国泰中证生物医药ETF联接C(006757), 国泰中证生物医药ETF(512290)"
A股,930740,2018-12-04,300红利LV,价值,,-1.72%,-23.91%,-22.58%,9.2,80.57%,0.95,80.57%,10.33%,4.10%,"嘉实沪深300红利低波动ETF联接A(007605), 嘉实沪深300红利低波动ETF联接C(007606), 嘉实沪深300红利低波动ETF(515300)"
A股,930743,2015-08-26,中证生科,成长,,-54.28%,-67.62%,-29.18%,5.9e+01,20.05%,4.2,20.05%,7.12%,1.02%,"华夏中证生物科技主题ETF发起式联接A(017604), 华夏中证生物科技主题ETF发起式联接C(017605), 易方达中证生物科技主题ETF联接发起式A(019324), 易方达中证生物科技主题ETF联接发起式C(019325), 汇添富中证生物科技指数（LOF）A(501009), 汇添富中证生物科技指数（LOF）C(501010), 华夏中证生物科技主题ETF(516500), 生物科技ETF基金(516930), 易方达中证生物科技主题ETF(159837), 招商中证生物科技主题ETF(159849)"
A股,930781,2016-02-04,中证影视,成长,,-65.83%,-78.22%,-36.26%,1.8e+02,45.87%,2.3,45.87%,1.28%,0.84%,"国泰中证影视主题ETF(516620), 影视ETF(159855)"
A股,930782,2016-02-04,500SNLV,价值,,-7.21%,-37.10%,-32.21%,2.1e+01,71.78%,1.6,71.78%,7.62%,2.12%,"景顺长城中证500行业中性低波动指数A(003318), 景顺长城中证500行业中性低波动指数C(019359), 华安中证500低波ETF(512260)"
A股,930791,2016-03-22,CS医药TI,成长,,-43.96%,-58.84%,-26.55%,4e+01,24.16%,3.3,24.16%,8.25%,1.34%,"富国中证医药主题指数增强型（LOF）C(005626), 天弘中证医药指数增强A(012401), 天弘中证医药指数增强C(012402), 富国中证医药主题指数增强型（LOF）A(161035)"
A股,930792,2016-04-22,HK银行,价值,,-0.27%,-48.72%,-48.58%,7.0,59.33%,0.68,59.33%,9.71%,4.94%,"泰康香港银行指数A(006809), 泰康香港银行指数C(006810), 鹏华香港银行指数C（LOF）(010365), 鹏华香港银行指数A（LOF）(501025)"
A股,930820,2016-05-11,CS高端制,成长,,-27.34%,-51.78%,-33.64%,4.1e+01,56.97%,3.2,56.97%,7.80%,1.09%,"富国中证高端制造指数增强型（LOF）C(005627), 富国中证高端制造指数增强型（LOF）A(161037)"
A股,930821,2016-05-11,中证VR,成长,,-23.17%,-52.90%,-38.70%,4.8e+01,50.68%,2.8,50.68%,5.83%,0.91%,VRETF(159786)
A股,930839,2016-06-08,港股通高息精选,价值,,-17.10%,-47.34%,-36.48%,1e+01,55.95%,1.1,55.95%,11.00%,5.84%,"民生加银港股通高股息A(004532), 民生加银中证港股通指数C(004533), 港股红利ETF(159691)"
A股,930850,2016-07-20,智能制造,成长,,-18.97%,-50.88%,-39.38%,4.9e+01,49.90%,4.0,49.90%,8.16%,0.83%,"华宝中证智能制造主题ETF发起式联接A(013447), 华宝中证智能制造主题ETF发起式联接C(013448), 华宝中证智能制造主题ETF(516800)"
A股,930851,2016-07-20,云计算,成长,,-17.99%,-59.60%,-50.74%,1.1e+02,95.08%,5.7,95.08%,5.18%,0.38%,"东财云计算指数增强A(012321), 东财云计算指数增强C(012322), 融通中证云计算与大数据主题指数（LOF）C(014130), 易方达中证云计算与大数据主题ETF联接发起式A(017853), 易方达中证云计算与大数据主题ETF联接发起式C(017854), 华夏中证云计算与大数据主题ETF发起式联接A(019868), 华夏中证云计算与大数据主题ETF发起式联接C(019869), 鹏华中证云计算与大数据主题ETF发起式联接A(021090), 广发中证云计算与大数据ETF发起式联接A(021397), 广发中证云计算与大数据ETF发起式联接C(021398), 融通中证云计算与大数据主题指数（LOF）A(161628), 易方达中证云计算与大数据主题ETF(516510), 华夏中证云计算与大数据主题ETF(516630), 广发中证云计算与大数据ETF(159527), 大数据ETF(159739), 招商中证云计算ETF(159890)"
A股,930875,2016-08-17,空天军工,成长,,-35.38%,-59.40%,-37.17%,7.3e+01,62.67%,4.0,62.67%,5.48%,0.66%,"鹏华空天军工指数C（LOF）(010364), 鹏华空天军工指数A（LOF）(160643)"
A股,930901,2016-10-18,动漫游戏,成长,,-53.09%,-75.11%,-46.94%,4.3e+01,77.45%,3.8,77.45%,8.84%,1.39%,"国泰中证动漫游戏ETF联接A(012728), 国泰中证动漫游戏ETF联接C(012729), 华夏中证动漫游戏ETF发起式联接A(012768), 华夏中证动漫游戏ETF发起式联接C(012769), 国泰中证动漫游戏ETF(516010), 游戏动漫(516770), 华夏中证动漫游戏ETF(159869)"
A股,930902,2016-10-18,中证数据,成长,,-40.30%,-65.13%,-41.59%,2.7e+02,75.81%,4.4,75.81%,1.63%,0.44%,"富国中证大数据产业ETF发起式联接A(018134), 富国中证大数据产业ETF发起式联接C(018135), 华夏中证大数据产业ETF发起式联接A(020335), 华夏中证大数据产业ETF发起式联接C(020336), 富国中证大数据产业ETF(515400), 华夏中证大数据产业ETF(516000), 华宝大数据ETF(516700)"
A股,930914,2016-11-25,港股通高股息,价值,,-1.27%,-49.12%,-48.47%,7.5,70.27%,0.74,70.27%,9.87%,5.56%,"华泰柏瑞中证港股通高股息投资ETF发起式联接A(018387), 华泰柏瑞中证港股通高股息投资ETF发起式联接C(018388), 汇添富中证港股通高股息投资ETF联接（LOF）A(501305), 汇添富中证港股通高股息投资ETF联接（LOF）C(501306), 港股红利(513530), 汇添富中证港股通高股息投资ETF(513820), 国泰中证港股通高股息投资ETF(159331)"
A股,930931,2017-01-16,港股通50,价值,,-17.06%,-53.72%,-44.20%,1.1e+01,74.69%,1.2,74.69%,10.91%,3.43%,"港股通50ETF联接A(012151), 港股通50ETF联接C(012152), 国泰中证港股通50ETF发起联接A(014689), 国泰中证港股通50ETF发起联接C(014690), 华夏中证港股通50ETF发起式联接A(018721), 华夏中证港股通50ETF发起式联接C(018722), 港股通50(513550), 华夏中证港股通50ETF(159711), 国泰中证港股通50ETF(159712)"
A股,930939,2018-11-21,500质量,成长,,-19.62%,-41.09%,-26.71%,1.7e+01,17.35%,2.0,17.35%,11.76%,2.06%,"鹏扬中证500质量成长ETF联接A(007593), 鹏扬中证500质量成长ETF联接C(007594), 易方达中证500质量成长ETF联接发起式A(019320), 易方达中证500质量成长ETF联接发起式C(019321), 鹏扬中证500质量成长ETF(560500), 500成长(562340), 易方达中证500质量成长ETF(159606)"
A股,930955,2017-05-26,红利低波100,价值,,-0.93%,-28.63%,-27.96%,8.5,63.10%,0.86,63.10%,10.12%,4.36%,"天弘中证红利低波动100ETF联接A(008114), 天弘中证红利低波动100ETF联接C(008115), 景顺长城中证红利低波动100ETF联接A(016128), 景顺长城中证红利低波动100ETF联接C(016129), 博时中证红利低波动100指数发起式A(019853), 博时中证红利低波动100指数发起式C(019854), 交银中证红利低波动100指数A(020156), 交银中证红利低波动100指数C(020157), 招商中证红利低波动100指数发起式A(020672), 招商中证红利低波动100指数发起式C(020673), 中欧中证红利低波动100指数发起A(021375), 中欧中证红利低波动100指数发起C(021376), 银河中证红利低波动100指数A(021388), 银河中证红利低波动100指数C(021389), 博时中证红利低波动100ETF联接A(021550), 博时中证红利低波动100ETF联接C(021551), 景顺长城中证红利低波动100ETF(515100), 大成中证红利低波动100ETF(560520), 博时中证红利低波100ETF(159307), 天弘中证红利低波动100ETF(159549)"
A股,930965,2017-06-23,HKC医药C,成长,,-47.25%,-75.07%,-52.74%,3.4e+01,49.20%,2.7,49.20%,7.94%,0.90%,"易方达中证港股通医药卫生综合ETF联接发起式A(018557), 易方达中证港股通医药卫生综合ETF联接发起式C(018558), 平安中证港股医药ETF联接A(019598), 平安中证港股医药ETF联接C(019599), 鹏华中证港股通医药卫生ETF发起式联接A(021088), 鹏华中证港股通医药卫生ETF发起式联接C(021089), 易方达中证港股通医药卫生综合ETF(513200), 香港医药(513700), 平安中证港股医药ETF(159718), 港股通医药ETF(159776)"
A股,930986,2017-06-22,金融科技,成长,,15.60%,-53.03%,-59.37%,8.6e+01,87.09%,6.0,87.09%,6.98%,0.48%,"华宝中证金融科技主题ETF发起式联接A(013477), 华宝中证金融科技主题ETF发起式联接C(013478), 华夏中证金融科技主题ETF(516100), 博时金融科技ETF(516860), 华宝中证金融科技主题ETF(159851)"
A股,930997,2017-07-19,新能源车,成长,,-50.48%,-67.51%,-34.39%,3e+01,52.21%,3.6,52.21%,12.00%,1.31%,"平安中证新能车ETF联接A(012698), 平安中证新能源汽车ETF发起联接C(012699), 汇添富中证新能源汽车产业指数（LOF）A(501057), 汇添富中证新能源汽车产业指数（LOF）C(501058), 平安中证新能源汽车产业ETF(515700), 汇添富中证新能源汽车产业ETF(516390)"
A股,931008,2013-07-15,汽车指数,成长,,6.10%,-46.17%,-49.26%,2.6e+01,78.63%,2.4,78.63%,9.23%,1.60%,"广发中证全指汽车指数A(004854), 广发中证全指汽车指数C(004855), 南方中证全指汽车指数发起A(021770), 广发中证全指汽车ETF(159512)"
A股,931009,2013-07-15,建筑材料,周期,,-48.75%,-62.82%,-27.45%,3.3e+01,17.06%,1.0,17.06%,3.03%,2.65%,"广发中证全指建筑材料指数A(004856), 广发中证全指建筑材料指数C(004857), 国泰中证全指建筑材料ETF发起联接A(013019), 国泰中证全指建筑材料ETF发起联接C(013020), 富国中证全指建筑材料ETF(516750), 国泰中证全指建筑材料ETF(159745), 易方达中证全指建筑材料ETF(159787)"
A股,931052,2017-12-08,国信价值,价值,*,-3.82%,-31.89%,-29.18%,9.5,96.06%,1.3,96.06%,13.68%,4.36%,"富国中证价值ETF联接A(006748), 富国中证价值ETF联接C(007191), 富国中证价值ETF(512040)"
A股,931066,2018-02-05,军工龙头,成长,,-31.80%,-57.36%,-37.48%,7.7e+01,56.65%,3.8,56.65%,4.94%,0.62%,富国中证军工龙头ETF(512710)
A股,931068,2018-11-21,消费龙头,成长,,-52.07%,-59.40%,-15.29%,1.8e+01,20.43%,4.3,20.43%,23.89%,3.20%,"华宝消费龙头C(009329), 招商中证消费龙头指数增强A(011853), 招商中证消费龙头指数增强C(011854), 消费龙头LOF(501090), 华宝消费龙头ETF(516130), 消费龙头ETF(159520)"
A股,931071,2018-11-21,人工智能,成长,,-25.52%,-60.23%,-46.60%,5.5e+01,71.35%,5.1,71.35%,9.27%,0.75%,"华富人工智能ETF联接A(008020), 华富人工智能ETF联接C(008021), 华富中证人工智能产业ETF(515980)"
A股,931079,2019-04-25,5G通信,成长,,-12.02%,-53.32%,-46.94%,3.4e+01,66.64%,4.0,66.64%,11.76%,1.07%,"华夏中证5G通信主题ETF联接A(008086), 华夏中证5G通信主题ETF联接C(008087), 银华中证5G通信主题ETF联接A(008889), 银华中证5G通信主题ETF联接C(010524), 华夏中证5G通信主题ETF(515050), 5GETF(159994)"
A股,931087,2019-03-20,科技龙头,成长,,-27.93%,-55.15%,-37.77%,4.4e+01,46.11%,4.9,46.11%,11.14%,0.84%,"华宝科技ETF联接A(007873), 华宝科技ETF联接C(007874), 工银科技龙头ETF发起式联接A(012882), 工银科技龙头ETF发起式联接C(012883), 华宝中证科技龙头ETF(515000), 科技龙头ETF(516050)"
A股,931139,2019-03-20,CS消费50,成长,*,-50.04%,-57.58%,-15.09%,1.7e+01,5.25%,3.9,5.25%,22.94%,3.58%,"富国中证消费50ETF联接A(008975), 富国中证消费50ETF联接C(008976), 东兴中证消费50A(009116), 东兴中证消费50C(009117), 富国中证消费50ETF(515650), 国联安消费50ETF(159670), 易方达中证消费50ETF(159798)"
A股,931140,2019-03-20,医药50,成长,,-51.99%,-64.44%,-25.93%,3e+01,39.56%,4.9,39.56%,16.33%,1.63%,"富国中证医药50ETF联接A(012801), 富国中证医药50ETF联接C(012802), 华泰紫金中证医药50指数发起A(015497), 华泰紫金中证医药50指数发起C(015498), 富国中证医药50ETF(515950), 博时医药50ETF(159838)"
A股,931142,2019-03-20,东证竞争,价值,,-29.67%,-48.43%,-26.67%,1.4e+01,72.44%,2.3,72.44%,16.43%,2.89%,"东方红中证竞争力指数A(007657), 东方红中证竞争力指数C(007658)"
A股,931144,2019-05-30,通信技术,成长,,7.52%,-49.04%,-52.60%,3.8e+01,94.72%,4.9,94.72%,12.89%,0.92%,"东财通信A(008326), 东财通信C(008327)"
A股,931151,2019-04-22,光伏产业,成长,,-62.85%,-68.28%,-14.62%,-1.5e+02,24.61%,1.9,24.61%,-1.27%,1.07%,"天弘中证光伏A(011102), 天弘中证光伏C(011103), 招商中证光伏产业指数A(011966), 招商中证光伏产业指数C(011967), 广发中证光伏产业指数A(012364), 广发中证光伏产业指数C(012365), 华泰柏瑞光伏ETF联接A(012679), 华泰柏瑞光伏ETF联接C(012680), 平安中证光伏产业指数A(012722), 平安中证光伏产业指数C(012723), 华夏中证光伏产业指数发起式A(012885), 华夏中证光伏产业指数发起式C(012886), 银华中证光伏产业ETF发起式联接A(012928), 银华中证光伏产业ETF发起式联接C(012929), 华安中证光伏产业ETF发起式联接A(013105), 华安中证光伏产业ETF发起式联接C(013106), 国泰中证光伏产业ETF发起联接A(013601), 国泰中证光伏产业ETF发起联接C(013602), 汇添富中证光伏产业指数增强发起式A(013816), 汇添富中证光伏产业指数增强发起式C(013817), 嘉实中证光伏产业指数发起式A(014604), 嘉实中证光伏产业指数发起式C(014605), 博时中证光伏产业指数A(015993), 博时中证光伏产业指数C(015994), 浦银安盛中证光伏产业ETF联接A(017116), 浦银安盛中证光伏产业ETF联接C(017117), 易方达中证光伏产业指数发起式A(017646), 易方达中证光伏产业指数发起式C(017647), 东财中证光伏指数发起式A(018502), 东财中证光伏指数发起式C(018503), 南方中证光伏产业指数发起A(019531), 南方中证光伏产业指数发起C(019532), 鹏华中证光伏产业ETF发起式联接(021084), 光伏ETF(515790), 平安中证光伏产业ETF(516180), 汇添富中证光伏产业ETF(516290), 光伏50(516880), 浦银安盛中证光伏产业ETF(159609), 华安中证光伏产业ETF(159618), 天弘中证光伏产业ETF(159857), 光伏产业(159863), 国泰中证光伏产业ETF(159864)"
A股,931152,2019-04-22,CS创新药,成长,,-44.95%,-64.09%,-34.77%,5.6e+01,54.54%,4.6,54.54%,8.21%,0.89%,"广发创新药ETF联接A(012737), 广发创新药ETF联接C(012738), 银华中证创新药产业ETF发起式联接A(012781), 银华中证创新药产业ETF发起式联接C(012782), 工银中证创新药产业ETF发起式联接A(013011), 工银中证创新药产业ETF发起式联接C(013012), 易方达中证创新药产业ETF联接发起式A(019666), 易方达中证创新药产业ETF联接发起式C(019667), 南方中证创新药产业ETF发起联接A(021097), 南方中证创新药产业ETF发起联接C(021098), 广发创新药ETF(515120), 创新药产业ETF(516060), 易方达中证创新药产业ETF(516080), 摩根中证创新药产业ETF(560900), 建信中证创新药产业ETF(159835), 南方中证创新药产业ETF(159858), 创新药(159992)"
A股,931159,2019-05-16,创新100,成长,,-30.11%,-50.61%,-29.33%,3.3e+01,52.96%,4.3,52.96%,13.03%,1.22%,"诺德研发创新100(007737), 申万菱信中证研发创新100交易型开放式指数联接A(007983), 申万菱信中证研发创新100交易型开放式指数联接C(007984), 申万菱信中证研发创新100交易型开放式指数(515200), 创新ETF(159987)"
A股,931160,2013-07-15,通信设备,成长,,9.94%,-49.42%,-53.99%,3.7e+01,81.01%,4.0,81.01%,10.81%,1.29%,"国泰中证全指通信设备ETF联接A(007817), 国泰中证全指通信设备ETF联接C(007818), 博时中证全指通信设备指数发起式A(020691), 博时中证全指通信设备指数发起式C(020692), 天弘中证全指通信设备指数发起A(020899), 天弘中证全指通信设备指数发起C(020900), 国泰中证全指通信设备ETF(515880)"
A股,931165,2019-04-25,新兴科技100,成长,,-25.88%,-51.62%,-34.73%,3.4e+01,58.80%,5.5,58.80%,16.18%,1.19%,"嘉实新兴科技100ETF联接A(007815), 嘉实新兴科技100ETF联接C(007816), 嘉实新兴科技100ETF(515860)"
A股,931166,2019-04-25,医药健康100,成长,,-49.49%,-62.97%,-26.69%,2.6e+01,21.75%,3.5,21.75%,13.46%,1.82%,"嘉实中证医药健康100策略ETF联接A(008154), 嘉实中证医药健康100策略ETF联接C(008155), 嘉实医药健康100ETF(515960)"
A股,931186,2019-05-30,中证科技,成长,,-14.80%,-46.18%,-36.83%,3.2e+01,46.49%,4.2,46.49%,13.12%,1.23%,"富国中证科技50策略ETF联接A(008749), 富国中证科技50策略ETF联接C(008750), 富国中证科技50策略ETF(515750)"
A股,931187,2019-05-30,科技100,成长,,-13.78%,-42.78%,-33.63%,3e+01,57.26%,3.4,57.26%,11.33%,1.27%,"华泰柏瑞中证科技100ETF联接A(008399), 华泰柏瑞中证科技100ETF联接C(008400), 天弘中证科技100指数增强A(010202), 天弘中证科技100指数增强C(010203), 华泰柏瑞中证科技100ETF(515580), 南方中证科技100ETF(159853)"
A股,931235,2022-07-21,中证电信,成长,,10.94%,-25.03%,-32.42%,2.3e+01,92.20%,2.1,92.20%,9.13%,2.88%,"易方达中证电信主题ETF联接发起式A(019141), 易方达中证电信主题ETF联接发起式C(019142), 汇添富中证电信主题ETF发起式联接A(020632), 汇添富中证电信主题ETF发起式联接C(020633), 汇添富中证电信主题ETF(560300), 电信ETF基金(560690), 易方达中证电信主题ETF(563010)"
A股,931247,2012-12-21,中证信创,成长,,-24.16%,-56.01%,-42.00%,2.1e+02,92.19%,5.1,92.19%,2.43%,0.40%,"博时中证信息技术应用创新产业指数发起式A(021314), 博时中证信息技术应用创新产业指数发起式C(021315), 汇添富中证信息技术应用创新产业ETF发起式联接A(021602), 汇添富中证信息技术应用创新产业ETF(560850), 华宝中证信息技术应用创新产业ETF(562030), 华夏中证信息技术应用创新产业ETF(562570)"
A股,931357,2019-11-15,优选消费50,成长,,-33.35%,-56.16%,-34.22%,2.1e+01,29.84%,4.0,29.84%,19.05%,1.88%,"中金中证沪港深优选消费50A(008519), 中金中证沪港深优选消费50C(008520)"
A股,931375,2019-11-25,300质量低波,价值,,-15.89%,-35.07%,-22.80%,1.4e+01,92.36%,2.7,92.36%,19.29%,2.70%,"鹏扬沪深300质量低波A(011132), 鹏扬沪深300质量低波C(011133)"
A股,931380,2019-11-25,科技50,成长,,-46.82%,-63.05%,-30.52%,4.7e+01,47.93%,4.8,47.93%,10.21%,0.98%,"易方达中证科技50联接A(012717), 易方达中证科技50联接C(012718), 易方达中证科技50ETF(159807)"
A股,931395,2020-01-14,沪港深300,宽基,,-24.93%,-46.19%,-28.32%,1.2e+01,67.36%,1.3,67.36%,10.83%,3.23%,"国寿安保沪港深300ETF联接A(012663), 国寿安保沪港深300ETF联接C(012664), 易方达中证沪港深300ETF联接发起式A(020102), 易方达中证沪港深300ETF联接发起式C(020103), 易方达中证沪港深300ETF(517030), 国寿安保中证沪港深300ETF(517300)"
A股,931402,2020-01-14,证券先锋,周期,,-6.70%,-43.79%,-39.75%,2.2e+01,59.40%,1.6,59.40%,7.27%,1.31%,华富中证证券公司先锋策略ETF(516980)
A股,931403,2020-01-14,品牌工程,成长,,-33.40%,-50.07%,-25.03%,2.4e+01,19.63%,4.0,19.63%,16.67%,2.25%,"农银中证新华社民族品牌指数(012394), 富国中证新华社民族品牌工程ETF联接A(014406), 富国中证新华社民族品牌工程ETF联接C(014407), 富国中证新华社民族品牌工程ETF(561130)"
A股,931404,2020-02-20,SHS品牌消费50,成长,,-39.25%,-55.70%,-27.08%,2e+01,18.40%,4.7,18.40%,23.50%,2.01%,品牌消费(517880)
A股,931406,2020-02-20,5G 50,成长,,-10.98%,-49.57%,-43.35%,2.4e+01,56.71%,2.4,56.71%,10.00%,2.51%,"博时5G50ETF联接A(012655), 博时5G50ETF联接C(012658), 博时5G50ETF(159811)"
A股,931409,2020-02-20,SHS创新药,成长,,-37.82%,-65.66%,-44.77%,4.7e+01,61.89%,4.8,61.89%,10.21%,0.77%,"国泰中证沪港深创新药产业ETF发起联接A(014117), 国泰中证沪港深创新药产业ETF发起联接C(014118), 东财中证沪港深创新药指数发起式A(014128), 东财中证沪港深创新药指数发起式C(014129), 天弘恒生沪深港创新药精选50ETF发起联接A(014564), 天弘恒生沪深港创新药精选50ETF发起联接C(014565), 富国中证沪港深创新药产业ETF发起式联接A(019897), 富国中证沪港深创新药产业ETF发起式联接C(019898), 国泰中证沪港深创新药产业ETF(517110), 创新药50(517120), 创新药ETF沪港深(159622), 富国中证沪港深创新药产业ETF(159748)"
A股,931446,2020-04-21,东证红利低波,价值,,3.09%,-15.34%,-17.88%,8.6,79.05%,0.87,79.05%,10.12%,4.14%,"东方红中证东方红红利低波动指数A(012708), 东方红中证东方红红利低波动指数C(012709)"
A股,931456,2020-04-21,中国教育,成长,,-70.46%,-84.39%,-47.16%,6.6e+01,71.09%,3.3,71.09%,5.00%,0.79%,博时全球中国教育（QDII-ETF）(513360)
A股,931461,2009-07-22,电子50,成长,,-22.74%,-54.21%,-40.73%,4.7e+01,76.11%,4.3,76.11%,9.15%,0.77%,"华宝电子ETF联接A(012550), 华宝电子ETF联接C(012551), 华安中证电子50ETF发起式联接A(014632), 华安中证电子50ETF发起式联接C(014633), 华宝中证电子50ETF(515260), 华安中证电子50ETF(515320)"
A股,931468,2020-05-21,红利质量,价值,,-13.12%,-36.28%,-26.66%,1.7e+01,17.89%,3.0,17.89%,17.65%,3.47%,"华夏中证红利质量ETF发起式联接A(016440), 华夏中证红利质量ETF发起式联接C(016441), 华夏中证红利质量ETF(159758)"
A股,931476,2020-04-30,ESG 120策略,价值,,-27.65%,-44.33%,-23.05%,1.2e+01,65.67%,1.3,65.67%,10.83%,3.43%,"英大中证ESG120策略指数A(012854), 英大中证ESG120策略指数C(012855), 浦银安盛中证ESG 120策略ETF(516720)"
A股,931480,2020-05-06,线上消费,成长,,-41.50%,-65.33%,-40.74%,1.1e+02,78.64%,3.6,78.64%,3.27%,0.87%,线上消费ETF(159725)
A股,931481,2020-05-06,SHS线上消费,成长,,-42.57%,-67.28%,-43.03%,2.3e+01,38.73%,3.4,38.73%,14.78%,0.91%,"天弘中证沪港深线上消费主题ETF(517280), 平安中证沪港深线上消费主题ETF(159793)"
A股,931484,2020-05-06,CS医药创新,成长,*,-66.44%,-75.97%,-28.40%,3.1e+01,41.21%,5.3,41.21%,17.10%,1.55%,"平安中证医药及医疗器械创新指数发起式A(013873), 平安中证医药及医疗器械创新指数发起式C(013874), 平安中证医疗创新ETF(516820), 方正富邦中证医药及医疗器械创新ETF(560600)"
A股,931494,2020-06-12,消费电子,成长,,-23.92%,-55.69%,-41.76%,4.6e+01,65.67%,3.8,65.67%,8.26%,0.82%,"国泰中证消费电子主题ETF发起联接A(014906), 国泰中证消费电子主题ETF发起联接C(014907), 富国中证消费电子主题ETF发起式联接A(015876), 富国中证消费电子主题ETF发起式联接C(015877), 平安中证消费电子主题ETF发起式联接A(015894), 平安中证消费电子主题ETF发起式联接C(015895), 招商中证消费电子主题ETF联接A(016007), 招商中证消费电子主题ETF联接C(016008), 易方达中证消费电子主题ETF联接发起式A(018896), 易方达中证消费电子主题ETF联接发起式C(018897), 富国中证消费电子主题ETF(561100), 国泰中证消费电子主题ETF(561310), 平安中证消费电子主题ETF(561600), 易方达中证消费电子主题ETF(562950), 景顺长城中证消费电子ETF(159733), 消费电子龙头ETF(159769), 招商中证消费电子主题ETF(159779)"
A股,931521,2020-07-08,高装细分50,成长,,-27.64%,-55.11%,-37.96%,1.2e+02,53.17%,4.2,53.17%,3.50%,0.54%,"嘉实中证高端装备细分50ETF发起联接A(018027), 嘉实中证高端装备细分50ETF发起联接C(018028), 嘉实中证高端装备细分50ETF(159638)"
A股,931524,2020-07-16,SHS科技龙头,成长,,-28.52%,-60.92%,-45.33%,2.6e+01,54.56%,3.7,54.56%,14.23%,0.96%,"天弘中证沪港深科技龙头指数A(012559), 天弘中证沪港深科技龙头指数C(012560), 鹏华中证沪港深科技龙头指数(LOF)C(012809), 汇添富中证沪港深科技龙头指数发起式A(013093), 汇添富中证沪港深科技龙头指数发起式C(013094), 广发中证沪港深科技龙头ETF联接A(013162), 广发中证沪港深科技龙头ETF联接C(013163), 宝盈中证沪港深科技龙头指数发起式A(015820), 宝盈中证沪港深科技龙头指数发起式C(015821), 鹏华中证沪港深科技龙头指数(LOF)A(160646), 浦银安盛中证沪港深科技龙头ETF(517270), 广发中证沪港深科技龙头ETF(517350), 汇添富中证沪港深科技龙头ETF(159723)"
A股,931526,2020-08-24,企业核心竞争力50,成长,,-42.34%,-57.84%,-26.88%,2.5e+01,52.64%,4.0,52.64%,16.00%,1.61%,"核心50ETF(560650), 漂亮50(561500)"
A股,931573,2014-05-21,HKC科技,成长,,-39.46%,-73.34%,-55.96%,2.5e+01,61.67%,3.5,61.67%,14.00%,0.80%,"国泰中证港股通科技ETF发起联接A(015739), 国泰中证港股通科技ETF发起联接C(015740), 景顺长城中证港股通科技ETF联接A(016495), 景顺长城中证港股通科技ETF联接C(016496), 鹏华中证港股通科技ETF发起式联接A(021294), 鹏华中证港股通科技ETF发起式联接C(021295), 海富通中证港股通科技ETF发起联接A(021464), 海富通中证港股通科技ETF发起联接C(021465), 国泰中证港股通科技ETF(513020), 港科技50(513150), 兴银中证港股通科技ETF(513560), 海富通中证港股通科技ETF(513860), 景顺长城中证港股通科技ETF(513980), 港股科技ETF(159751)"
A股,931574,2013-05-21,港股科技,成长,,-49.91%,-74.74%,-49.57%,2.3e+01,70.86%,3.3,70.86%,14.35%,0.90%,"招商中证香港科技ETF发起式联接（QDII）A(021633), 招商中证香港科技ETF发起式联接（QDII）C(021634), 南方中证香港科技ETF（QDII）(159747), 招商中证香港科技ETF（QDII）(159750)"
A股,931582,2020-11-09,数字经济,成长,,-34.39%,-61.31%,-41.03%,6.2e+01,67.83%,5.8,67.83%,9.35%,0.49%,"鹏扬中证数字经济主题ETF发起式联接A(015787), 鹏扬中证数字经济主题ETF发起式联接C(015788), 华安中证数字经济主题ETF发起式联接A(018031), 华安中证数字经济主题ETF发起式联接C(018032), 鹏扬中证数字经济主题ETF(560800), 华安中证数字经济主题ETF(159658)"
A股,931587,2020-11-09,500价值稳健,中盘价值,,-1.21%,-26.16%,-25.26%,1.4e+01,99.64%,1.4,99.64%,10.00%,3.23%,"华夏中证智选500价值稳健策略ETF发起式联接A(019001), 华夏中证智选500价值稳健策略ETF发起式联接C(019002), 华夏中证智选500价值稳健策略ETF(159617)"
A股,931588,2020-11-09,1000价值稳健,价值,,6.00%,-26.51%,-30.67%,1.8e+01,44.50%,1.4,44.50%,7.78%,2.71%,"华夏中证智选1000价值稳健策略ETF发起式联接A(018732), 华夏中证智选1000价值稳健策略ETF发起式联接C(018733), 华夏中证智选1000价值稳健策略ETF(562530)"
A股,931590,2020-11-09,500成长创新,成长,,-20.41%,-43.96%,-29.59%,2.7e+01,82.48%,3.0,82.48%,11.11%,1.44%,"华夏中证智选500成长创新策略ETF发起式联接A(021072), 华夏中证智选500成长创新策略ETF发起式联接C(021073), 华夏中证智选500成长创新策略ETF(159620)"
A股,931591,2020-11-09,1000成长创新,成长,,-4.97%,-41.39%,-38.32%,3.1e+01,51.75%,3.3,51.75%,10.65%,1.39%,"华夏中证智选1000成长创新策略ETF发起式联接A(018334), 华夏中证智选1000成长创新策略ETF发起式联接C(018335), 华夏中证智选1000成长创新策略ETF(562520)"
A股,931637,2021-01-11,HKC互联网,成长,,-22.71%,-64.54%,-54.12%,2.5e+01,73.00%,3.6,73.00%,14.40%,0.75%,"富国中证港股通互联网ETF发起式联接A(014673), 富国中证港股通互联网ETF发起式联接C(014674), 华宝中证港股通互联网ETF发起式联接A(017125), 华宝中证港股通互联网ETF发起式联接C(017126), 易方达中证港股通互联网ETF联接发起式A(019313), 易方达中证港股通互联网ETF联接发起式C(019314), 广发中证港股通互联网指数发起式A(021092), 广发中证港股通互联网指数发起式C(021093), 兴业中证港股通互联网指数发起式A(021377), 兴业中证港股通互联网指数发起式C(021378), 易方达中证港股通互联网ETF(513040), 华宝中证港股通互联网ETF(513770), 博时港股通互联网ETF(159568), 富国中证港股通互联网ETF(159792)"
A股,931643,2021-06-01,科创创业50,成长,,-40.84%,-60.91%,-33.92%,4.6e+01,57.84%,5.1,57.84%,11.09%,0.99%,"天弘中证科创创业50ETF联接A(012894), 天弘中证科创创业50ETF联接C(012895), 兴银中证科创创业50指数A(012898), 兴银中证科创创业50指数C(012899), 鹏扬中证科创创业50ETF联接A(012907), 鹏扬中证科创创业50ETF联接C(012908), 南方中证科创创业50ETF联接A(013298), 南方中证科创创业50ETF联接C(013299), 招商中证科创创业50ETF联接A(013302), 招商中证科创创业50ETF联接C(013303), 易方达中证科创创业50联接A(013304), 易方达中证科创创业50联接C(013305), 国泰中证科创创业50ETF发起联接A(013306), 国泰中证科创创业50ETF发起联接C(013307), 华夏科创创业50ETF发起式联接A(013310), 华夏科创创业50ETF发起式联接C(013311), 富国中证科创创业50ETF联接A(013313), 富国中证科创创业50ETF联接C(013314), 嘉实中证科创创业50ETF发起联接A(013315), 嘉实中证科创创业50ETF发起联接C(013316), 华宝中证科创创业50ETF发起式联接A(013317), 华宝中证科创创业50ETF发起式联接C(013318), 博时中证科创创业50ETF发起式联接A(014099), 博时中证科创创业50ETF发起式联接C(014100), 汇添富中证科创创业50指数增强发起式A(014218), 汇添富中证科创创业50指数增强发起式C(014219), 兴银中证科创创业50指数E(016010), 华富中证科创创业50指数增强A(016122), 华富中证科创创业50指数增强C(016123), 易米中证科创创业50指数增强发起A(016392), 易米中证科创创业50指数增强发起C(016393), 长信中证科创创业50指数增强A(016729), 长信中证科创创业50指数增强C(016730), 创金合信中证科创创业50指数增强A(017412), 创金合信中证科创创业50指数增强C(017413), 泰康中证科创创业50指数A(017495), 泰康中证科创创业50指数C(017496), 招商中证科创创业50ETF(588300), 方正富邦科创创业50ETF(588310), 广发中证科创创业50增强策略ETF(588320), 华宝双创龙头ETF(588330), 鹏扬中证科创创业50ETF(588350), 国泰中证科创创业50ETF(588360), 富国中证科创创业50ETF(588380), 博时中证科创创业50ETF(588390), 嘉实中证科创创业50ETF(588400), 天弘中证科创创业50ETF(159603), 南方中证科创创业50ETF(159780), 易方达中证科创创业50ETF(159781), 双创50(159782), 华夏中证科创创业50ETF(159783)"
A股,931663,2015-03-13,SHS消费龙头,成长,,-49.54%,-61.51%,-23.72%,1.9e+01,30.51%,3.6,30.51%,18.95%,2.44%,"汇添富中证沪港深消费龙头指数发起A(013129), 汇添富中证沪港深消费龙头指数发起C(013130), 招商中证沪港深消费龙头ETF(517550), 浦银安盛中证沪港深消费龙头ETF(517760)"
A股,931719,2013-07-15,CS电池,成长,,-57.57%,-69.49%,-28.09%,2.7e+01,37.15%,3.4,37.15%,12.59%,1.50%,"汇添富中证电池主题ETF发起式联接A(012862), 汇添富中证电池主题ETF发起式联接C(012863), 汇添富中证电池主题ETF发起式联接D(015808), 大成中证电池主题指数发起式A(015997), 大成中证电池主题指数发起式C(015998), 招商中证电池主题ETF联接A(016019), 招商中证电池主题ETF联接C(016020), 嘉实中证电池主题ETF发起联接A(016566), 嘉实中证电池主题ETF发起联接C(016567), 富国中证电池主题ETF发起式联接A(017222), 富国中证电池主题ETF发起式联接C(017223), 南方中证电池主题指数发起A(018926), 南方中证电池主题指数发起C(018927), 富国中证电池主题ETF(561160), 招商中证电池主题ETF(561910), 嘉实中证电池主题ETF(562880), 汇添富中证电池主题ETF(159796)"
A股,931755,2021-10-21,SEEE碳中和,大盘成长,,-30.82%,-46.01%,-21.96%,2.2e+01,49.14%,2.1,49.14%,9.55%,1.94%,"华安中证上海环交所碳中和指数发起式A(016763), 华安中证上海环交所碳中和指数发起式C(016764), 招商中证上海环交所碳中和ETF发起式联接A(016879), 招商中证上海环交所碳中和ETF发起式联接C(016880), 富国中证上海环交所碳中和ETF联接A(016887), 富国中证上海环交所碳中和ETF联接C(016888), 广发中证上海环交所碳中和ETF发起式联接A(016897), 广发中证上海环交所碳中和ETF发起式联接C(016898), 易方达中证上海环交所碳中和ETF联接A(016899), 易方达中证上海环交所碳中和ETF联接C(016900), 南方中证上海环交所碳中和ETF联接A(016917), 南方中证上海环交所碳中和ETF联接C(016918), 汇添富中证上海环交所碳中和ETF发起式联接A(017907), 汇添富中证上海环交所碳中和ETF发起式联接C(017908), 汇添富中证上海环交所碳中和ETF(560060), 广发中证上海环交所碳中和ETF(560550), 富国中证上海环交所碳中和ETF(561190), 易方达中证上海环交所碳中和ETF(562990), 南方中证上海环交所碳中和ETF(159639), 碳中和龙头ETF(159640), 招商中证上海环交所碳中和ETF(159641), 大成中证上海环交所碳中和ETF(159642)"
A股,931775,2013-07-15,房地产,价值,,-71.64%,-78.58%,-24.47%,-9.7,19.60%,0.85,19.60%,-8.76%,0.92%,"南方中证房地产ETF发起联接A(004642), 南方中证房地产ETF发起联接C(004643), 华夏中证全指房地产ETF联接A(008088), 华夏中证全指房地产ETF联接C(008089), 南方中证房地产ETF发起联接E(010989), 南方中证全指房地产ETF(512200), 华夏中证全指房地产ETF(515060)"
A股,931787,2018-08-14,港股创新药,成长,,-27.17%,-71.36%,-60.68%,4.3e+01,82.63%,4.2,82.63%,9.77%,0.68%,"广发中证香港创新药ETF发起式联接（QDII）A(019670), 广发中证香港创新药ETF发起式联接（QDII）C(019671), 广发中证香港创新药（QDII-ETF）(513120)"
A股,931798,2009-06-16,光伏龙头30,成长,*,-67.32%,-70.94%,-11.08%,1.8e+01,15.28%,2.0,15.28%,11.11%,1.81%,广发中证光伏龙头30ETF(560980)
A股,931802,2010-02-09,中证龙头,价值,,-41.07%,-55.40%,-24.32%,1.3e+01,87.36%,1.9,87.36%,14.62%,3.46%,"易方达中证龙头企业指数A(012756), 易方达中证龙头企业指数C(012757)"
A股,931865,2019-03-20,中证半导,成长,,-3.15%,-46.68%,-44.95%,1.1e+02,99.74%,6.6,99.74%,6.00%,0.14%,"嘉实中证半导体指数增强发起式A(014854), 嘉实中证半导体指数增强发起式C(014855), 招商中证半导体产业ETF发起式联接A(020464), 招商中证半导体产业ETF发起式联接C(020465), 南方中证半导体产业指数发起A(020839), 南方中证半导体产业指数发起C(020840), 华泰紫金中证半导体产业指数型发起 A(021718), 华泰紫金中证半导体产业指数型发起 C(021719), 招商中证半导体产业ETF(561980), 博时中证半导体产业ETF(159582)"
A股,931866,2022-05-09,中证机床,中盘成长,,-1.18%,-43.56%,-42.89%,5.1e+01,75.63%,4.5,75.63%,8.82%,0.85%,"国泰中证机床ETF发起联接A(017471), 国泰中证机床ETF发起联接C(017472), 华夏中证机床ETF发起式联接A(017573), 华夏中证机床ETF发起式联接C(017574), 华夏中证机床ETF(159663), 国泰中证机床ETF(159667)"
A股,932000,2023-08-11,中证2000,成长,,13.76%,-36.40%,-44.09%,1.4e+02,100.00%,2.7,100.00%,1.93%,0.82%,"华泰柏瑞中证2000ETF发起式联接A(019870), 华泰柏瑞中证2000ETF发起式联接C(019871), 华夏中证2000ETF发起式联接A(019891), 华夏中证2000ETF发起式联接C(019892), 招商中证2000指数增强A(019918), 招商中证2000指数增强C(019919), 华泰柏瑞中证2000指数增强A(019923), 华泰柏瑞中证2000指数增强C(019924), 广发中证2000ETF(560220), 国泰中证2000ETF(561370), 华夏中证2000ETF(562660), 富国中证2000ETF(563200), 中证2000(563300), 南方中证2000ETF(159531), 易方达中证2000ETF(159532), 博时中证2000ETF(159533), 嘉实中证2000ETF(159535), 汇添富中证2000ETF(159536), 招商中证2000增强策略ETF(159552), 海富通中证2000增强策略ETF(159553), 2000增强ETF(159555), 平安中证2000增强策略ETF(159556)"
A股,932039,2022-11-16,央企股东回报,价值,,-2.30%,-22.03%,-20.19%,1.2e+01,94.65%,1.2,94.65%,10.00%,4.37%,"汇添富中证国新央企股东回报ETF联接A(019365), 汇添富中证国新央企股东回报ETF联接C(019366), 广发中证国新央企股东回报ETF发起式联接A(019428), 广发中证国新央企股东回报ETF发起式联接C(019429), 招商中证国新央企股东回报ETF发起式联接A(019544), 招商中证国新央企股东回报ETF发起式联接C(019545), 汇添富中证国新央企股东回报ETF(560070), 广发中证国新央企股东回报ETF(560700), 招商中证国新央企股东回报ETF(561960)"
A股,950090,2015-12-10,50AH优选,价值,,-23.81%,-46.43%,-29.69%,9.7,65.67%,1.1,65.67%,11.34%,4.15%,"华夏上证50AH优选指数C(006395), 华夏上证50AH优选指数（LOF）A(501050)"
A股,950096,2016-05-11,上海国企,价值,,-21.78%,-42.47%,-26.45%,1.6e+01,50.89%,1.1,50.89%,6.88%,1.89%,"汇添富中证上海国企ETF联接A(003194), 汇添富中证上海国企ETF联接C(018061), 中证上海国企ETF(510810)"
A股,990001,2019-03-18,中华半导体芯片,成长,,-31.05%,-61.82%,-44.63%,1.2e+02,60.17%,5.4,60.17%,4.50%,0.17%,"国泰CES半导体芯片行业ETF联接A(008281), 国泰CES半导体芯片行业ETF联接C(008282), 华安CES半导体芯片行业指数发起A(012837), 华安CES半导体芯片行业指数发起C(012838), 西部利得CES芯片指数增强A(014418), 西部利得CES芯片指数增强C(014419), 国泰CES半导体芯片行业ETF(512760)"
A股,H11052,2009-07-22,智能电车,成长,,-43.33%,-61.52%,-32.10%,2.8e+01,41.93%,3.6,41.93%,12.86%,1.25%,"华宝中证智能电动汽车ETF发起式联接A(013475), 华宝中证智能电动汽车ETF发起式联接C(013476), 华宝智能电动汽车ETF(516380), 易方达中证智能电动汽车ETF(516590), 浦银安盛中证智能电动汽车ETF(560000), 建信中证智能电动汽车ETF(159710), 智能车TK(159720)"
A股,H11136,2011-09-20,中国互联网,成长,,-56.28%,-78.81%,-51.53%,1.8e+01,31.49%,3.0,31.49%,16.67%,0.89%,"交银中证海外中国互联网指数(LOF)C(013945), 交银中证海外中国互联网指数(LOF)A(164906)"
A股,H30007,2012-12-20,芯片产业,成长,,-28.59%,-60.78%,-45.08%,1.2e+02,72.49%,5.6,72.49%,4.67%,0.17%,"天弘中证芯片产业ETF发起联接A(012552), 天弘中证芯片产业ETF发起联接C(012553), 东财中证芯片ETF发起式联接A(013445), 东财中证芯片ETF发起式联接C(013446), 汇添富中证芯片产业指数增强发起式A(014193), 汇添富中证芯片产业指数增强发起式C(014194), 富国中证芯片产业ETF发起式联接A(014776), 富国中证芯片产业ETF发起式联接C(014777), 嘉实中证芯片产业指数发起式A(015336), 嘉实中证芯片产业指数发起式C(015337), 易方达中证芯片产业ETF联接发起式A(018411), 易方达中证芯片产业ETF联接发起式C(018412), 中欧中证芯片产业指数发起A(020478), 中欧中证芯片产业指数发起C(020483), 汇添富中证芯片产业ETF发起式联接A(020630), 汇添富中证芯片产业ETF发起式联接C(020631), 大成中证芯片产业指数发起式A(020853), 大成中证芯片产业指数发起式C(020854), 东财中证芯片ETF发起式联接E(021344), 易方达中证芯片产业ETF(516350), 富国中证芯片产业ETF(516640), 汇添富中证芯片产业ETF(516920), 天弘中证芯片产业ETF(159310), 景顺长城中证芯片产业ETF(159560), 芯片ETF基金(159599)"
A股,H30015,2012-12-21,800汽车,成长,,-11.60%,-41.31%,-33.61%,2.3e+01,77.02%,2.4,77.02%,10.43%,1.52%,"国泰中证800汽车与零部件ETF发起联接A(012973), 国泰中证800汽车与零部件ETF发起联接C(012974), 国泰中证800汽车与零部件ETF发起联接E(021689), 国泰中证800汽车与零部件ETF(516110)"
A股,H30035,2012-12-21,300非银,价值,,-16.41%,-48.29%,-38.14%,1.3e+01,39.29%,1.6,39.29%,12.31%,2.08%,"易方达沪深300非银联接A(000950), 易方达沪深300非银联接C(007882), 易方达沪深300非银ETF(512070)"
A股,H30089,2013-07-02,红利潜力,价值,,-28.04%,-39.18%,-15.48%,1.6e+01,83.53%,2.9,83.53%,18.12%,3.66%,"建信中证红利潜力指数A(007671), 建信中证红利潜力指数C(007672), 山西证券中证红利潜力ETF联接  (008149), 山西证券中证红利潜力ETF(515570)"
A股,H30094,2013-07-02,消费红利,成长,,-29.29%,-46.60%,-24.48%,1.9e+01,25.45%,4.5,25.45%,23.68%,3.79%,"宏利消费红利指数A(008928), 宏利消费红利指数C(008929), 方正富邦消费红利指数增强（LOF）(501089)"
A股,H30178,2013-07-15,医疗保健,成长,,-57.75%,-67.19%,-22.34%,4.2e+01,10.50%,3.3,10.50%,7.86%,1.55%,"南方中证全指医疗保健设备与服务ETF发起联接A(019452), 南方中证全指医疗保健设备与服务ETF发起联接C(019453), 中欧中证全指医疗保健设备与服务指数发起A(021714), 中欧中证全指医疗保健设备与服务指数发起C(021715), 医服ETF(516610), 保健ETF(516790), 天弘中证全指医疗保健设备与服务ETF(159873), 南方中证全指医疗保健设备与服务ETF(159877), 建信中证全指医疗保健设备与服务ETF(159891)"
A股,H30184,2013-07-15,半导体,成长,,-29.50%,-62.54%,-46.87%,1.1e+02,73.85%,5.5,73.85%,5.00%,0.19%,"国联安中证全指半导体产品与设备ETF联接A(007300), 国联安中证全指半导体产品与设备ETF联接C(007301), 国联安半导体ETF(512480)"
A股,H30199,2013-07-15,电力指数,价值,,-11.16%,-41.17%,-33.78%,1.7e+01,54.24%,1.7,54.24%,10.00%,2.72%,"广发中证全指电力ETF发起式联接A(016185), 广发中证全指电力ETF发起式联接C(016186), 博时中证全指电力ETF发起式联接A(017481), 博时中证全指电力ETF发起式联接C(017482), 华泰柏瑞中证全指电力ETF发起式联接A(018172), 华泰柏瑞中证全指电力ETF发起式联接C(018173), 南方中证全指电力公用事业ETF发起联接A(021752), 南方中证全指电力公用事业ETF发起联接C(021753), 南方中证全指电力公用事业ETF(560580), 电力ETF(561560), 博时中证全指电力公用事业ETF(561700), 电力(562350), 广发中证全指电力ETF(159611)"
A股,H30202,2013-07-15,软件指数,成长,,-32.31%,-63.05%,-45.41%,3.1e+02,50.29%,5.6,50.29%,1.81%,0.49%,"国泰中证全指软件ETF联接A(012636), 国泰中证全指软件ETF联接C(012637), 招商中证全指软件ETF发起式联接A(018385), 招商中证全指软件ETF发起式联接C(018386), 华泰紫金中证全指软件指数型发起 A(021614), 华泰紫金中证全指软件指数型发起 C(021615), 国泰中证全指软件ETF联接E(021672), 国泰中证全指软件ETF(515230), 招商中证全指软件ETF(159899)"
A股,H30217,2013-07-15,医疗器械,成长,,-53.92%,-63.68%,-21.18%,4.2e+01,11.08%,3.2,11.08%,7.62%,1.65%,"永赢中证全指医疗器械ETF发起联接A(013415), 永赢中证全指医疗器械ETF发起联接C(013416), 汇添富中证全指医疗器械ETF发起式联接A(017632), 汇添富中证全指医疗器械ETF发起式联接D(017634), 招商中证全指医疗器械ETF发起式联接A(018395), 招商中证全指医疗器械ETF发起式联接C(018396), 华夏中证全指医疗器械ETF发起式联接A(021250), 华夏中证全指医疗器械ETF发起式联接C(021251), 华夏中证全指医疗器械ETF(562600), 汇添富中证全指医疗器械ETF(159797), 医疗器械ETF(159883), 招商中证全指医疗器械ETF(159898)"
A股,H30269,2013-12-19,红利低波,价值,,1.70%,-43.62%,-44.56%,8.2,53.67%,0.85,53.67%,10.37%,4.31%,"创金合信中证红利低波动指数A(005561), 创金合信中证红利低波动指数C(005562), 华泰柏瑞中证红利低波ETF联接A(007466), 华泰柏瑞中证红利低波ETF联接C(007467), 华安中证红利低波动指数发起式A(019911), 华安中证红利低波动指数发起式C(019912), 易方达中证红利低波动ETF联接发起式A(020602), 易方达中证红利低波动ETF联接发起式C(020603), 华夏中证红利低波动ETF发起式联接A(021482), 华夏中证红利低波动ETF发起式联接C(021483), 红利低波(512890), 红利TK(560150), 易方达中证红利低波动ETF(563020), 富国中证红利低波动ETF(159525), 华夏中证红利低波动ETF(159547)"
A股,H30455,2014-11-28,沪港深500,宽基,,-21.64%,-46.51%,-31.74%,1.3e+01,62.91%,1.3,62.91%,10.00%,3.14%,"富国中证沪港深500ETF联接A(012275), 富国中证沪港深500ETF联接C(012276), 华夏中证沪港深500ETF发起式联接A(017557), 华夏中证沪港深500ETF发起式联接C(017558), 易方达中证沪港深500ETF联接发起式A(020113), 易方达中证沪港深500ETF联接发起式C(020114), 沪港深(517000), 易方达中证沪港深500ETF(517010), 汇添富中证沪港深500ETF(517080), 富国中证沪港深500ETF(517100), 华夏中证沪港深500ETF(517170)"
A股,H30533,2014-12-29,中国互联网50,成长,*,-45.58%,-73.99%,-52.21%,1.9e+01,33.53%,3.2,33.53%,16.84%,0.80%,"易方达中证海外中国互联网50ETF联接（QDII）A(006327), 易方达中证海外中国互联网50ETF联接（QDII）C(006328), 易方达中证海外中国互联网50（QDII-ETF）(513050)"
A股,H30588,2015-02-02,中证证保,周期,,-34.26%,-59.19%,-37.92%,1.4e+01,39.58%,1.6,39.58%,11.43%,1.97%,"天弘中证证券保险A(001552), 天弘中证证券保险C(001553)"
A股,H30590,2015-02-10,机器人,成长,,-16.90%,-49.83%,-39.63%,7.5e+01,75.29%,4.2,75.29%,5.60%,0.68%,"天弘中证机器人ETF发起联接A(014880), 天弘中证机器人ETF发起联接C(014881), 博时中证机器人指数发起式A(018094), 博时中证机器人指数发起式C(018095), 华夏中证机器人ETF发起式联接A(018344), 华夏中证机器人ETF发起式联接C(018345), 中欧中证机器人指数发起A(020255), 中欧中证机器人指数发起C(020256), 国泰中证机器人ETF发起联接A(020289), 国泰中证机器人ETF发起联接C(020290), 招商中证机器人指数型发起式A(020481), 招商中证机器人指数型发起式C(020482), 南方中证机器人指数发起A(020607), 南方中证机器人指数发起C(020608), 银河中证机器人指数发起式A(021301), 银河中证机器人指数发起式C(021302), 机器人YH(562360), 华夏中证机器人ETF(562500), 嘉实中证机器人ETF(159526), 国泰中证机器人ETF(159551), 天弘中证机器人ETF(159770)"
A股,H30597,2015-02-13,新材料,周期,,-52.38%,-65.31%,-27.15%,4.1e+01,28.34%,3.1,28.34%,7.56%,1.40%,"天弘中证新材料指数A(012561), 天弘中证新材料指数C(012562), 华宝中证新材料ETF发起式联接A(013473), 华宝中证新材料ETF发起式联接C(013474), 华夏中证新材料主题ETF发起式联接A(014431), 华夏中证新材料主题ETF发起式联接C(014432), 国泰中证新材料主题ETF发起联接A(014908), 国泰中证新材料主题ETF发起联接C(014909), 华宝新材料ETF(516360), 国联安新材料ETF(516480), 华夏中证新材料主题ETF(516710), 平安中证新材料主题ETF(516890), 天弘中证新材料主题ETF(159703), 国泰中证新材料主题ETF(159761), 建信中证新材料主题ETF(159763)"
A股,H50040,2014-03-21,上红低波,价值,,4.34%,-30.36%,-33.26%,8.1,50.08%,0.85,50.08%,10.49%,4.37%,"平安上证红利低波动指数A(020456), 平安上证红利低波动指数C(020457)"
A股,399001,1995-01-23,深证成指,成长,,-38.02%,-60.83%,-36.80%,2.8e+01,26.89%,2.4,26.89%,8.57%,1.75%,"南方深证成份ETF联接C(004345), 融通深证成份指数C(004875), 申万菱信深证成份指数C(015177), 融通深证成份指数A/B(161612), 南方深证成份ETF联接A(202017), 南方深证成份ETF(159903), 深证ETF(159943), 申万菱信深证成份指数A(163109)"
A股,399005,2006-01-24,中小板指,成长,,-41.80%,-61.75%,-34.28%,2.6e+01,19.40%,2.7,19.40%,10.38%,1.70%,"申万菱信中小企业100指数(LOF)C(007799), 易方达中小企业100指数（LOF）C(012872), 华富中小企业100指数增强型(410010), 华夏中小企业100ETF(159902), 易方达中小企业100指数（LOF）A(161118), 申万菱信中小企业100指数(LOF)A(163111)"
A股,399006,2010-06-01,创业板指,成长,,-40.67%,-69.74%,-49.00%,3.5e+01,36.99%,4.5,36.99%,12.86%,1.16%,"天弘创业板ETF联接基金A(001592), 天弘创业板ETF联接基金C(001593), 长城创业板指数增强发起式A(001879), 南方创业板ETF联接A(002656), 光大保德信创业板股票A(003069), 光大保德信创业板股票C(003070), 大成动态量化配置策略混合A(003147), 广发创业板ETF发起式联接A(003765), 广发创业板ETF发起式联接C(003766), 南方创业板ETF联接C(004343), 易方达创业板ETF联接C(004744), 融通创业板指数C(004870), 工银创业板ETF联接A(005390), 工银创业板ETF联接C(005391), 建信创业板ETF联接A(005873), 建信创业板ETF联接C(005874), 华夏创业板ETF联接A(006248), 华夏创业板ETF联接C(006249), 博时创业板ETF联接C(006733), 长城创业板指数增强发起式C(006928), 博时优势企业灵活配置混合C(007234), 永赢创业板A(007664), 永赢创业板C(007665), 平安创业板ETF联接A(009012), 平安创业板ETF联接C(009013), 东财创业板A(009046), 东财创业板C(009047), 万家创业板指数增强A(009981), 万家创业板指数增强C(009982), 南方创业板ETF联接E(010183), 诺安创业板指数增强（LOF）C(010356), 博时创业板指数A(010785), 浦银安盛创业板ETF联接A(012179), 浦银安盛创业板ETF联接C(012180), 招商创业板指数增强A(012900), 招商创业板指数增强C(012901), 富国创业板ETF联接C(013277), 建信创业板ETF发起联接E(013443), 国泰创业板指数（LOF）C(015600), 鹏华创业板指数(LOF)C(015673), 天弘创业板指数增强A(015794), 天弘创业板指数增强C(015795), 华夏创业板指数增强A(018370), 华夏创业板指数增强C(018371), 广发创业板ETF发起式联接E(019817), 华夏创业板指数发起式A(020870), 华夏创业板指数发起式C(020871), 华夏创业板指数发起式E(020872), 富国创业板增强策略ETF发起式联接C(021810), 富国创业板增强策略ETF发起式联接A(021811), 博时创业板ETF联接A(050021), 易方达创业板ETF联接A(110026), 融通创业板指数A/B(161613), 诺安创业板指数增强（LOF）A(163209), 嘉实创业板增强策略ETF(159675), 富国创业板增强策略ETF(159676), 融通创业板ETF(159808), 浦银安盛创业板ETF(159810), 中银证券创业板ETF(159821), 博时创业板ETF(159908), 易方达创业板ETF(159915), 南方创业板ETF(159948), 广发创业板ETF(159952), 建信创业板ETF(159956), 华夏创业板ETF(159957), 创业板ETF工银(159958), 平安创业板ETF(159964), 富国创业板ETF(159971), 天弘创业板ETF(159977), 国泰创业板指数（LOF）A(160223), 鹏华创业板指数(LOF)A(160637), 富国创业板ETF联接A(161022)"
A股,399007,2009-11-04,深证300,宽基,,-35.11%,-59.03%,-36.86%,2.6e+01,25.49%,2.5,25.49%,9.62%,1.84%,"汇添富深证300ETF联接C(018058), 大摩深证300指数增强(233010), 汇添富深证300ETF联接A(470068), 平安深证300指数增强(700002), 汇添富深证300ETF(159912)"
A股,399019,2023-11-15,创业200,成长,,8.36%,-36.18%,-41.10%,1.2e+02,100.00%,3.6,100.00%,3.00%,0.72%,"富国创业板中盘200ETF发起式联接A(020667), 富国创业板中盘200ETF发起式联接C(020668), 易方达创业板中盘200ETF联接A(020732), 易方达创业板中盘200ETF联接C(020733), 华夏创业板中盘200ETF发起式联接A(020837), 华夏创业板中盘200ETF发起式联接C(020838), 富国创业板中盘200ETF(159571), 易方达创业板中盘200ETF(159572), 华夏创业板中盘200ETF(159573), 创业板200ETF银华(159575)"
A股,399088,2020-02-18,深创100,成长,,-28.45%,-52.25%,-33.26%,2.7e+01,56.41%,4.0,56.41%,14.81%,1.55%,"华宝深创100ETF发起式联接A(013177), 华宝深创100ETF发起式联接C(013178), 永赢深创100ETF发起式联接A(013907), 永赢深创100ETF发起式联接C(013908), 华宝深创100ETF(159716), 深创龙头ETF(159721)"
A股,399285,2020-02-18,物联网50,成长,,-11.18%,-43.34%,-36.21%,3.1e+01,51.41%,3.8,51.41%,12.26%,1.46%,物联网ETF工银(159709)
A股,399291,2019-11-06,创精选88,成长,,-17.93%,-49.94%,-39.00%,9e+01,45.00%,3.3,45.00%,3.67%,0.80%,"国寿安保创精选88ETF联接A(008898), 国寿安保创精选88ETF联接C(008899), 国寿安保创精选88ETF(159804)"
A股,399293,2019-04-18,创业大盘,成长,,-36.59%,-60.56%,-37.80%,3.4e+01,34.77%,5.3,34.77%,15.59%,1.24%,"西部利得创业板大盘ETF联接A(012554), 西部利得创业板大盘ETF联接C(012555), 西部利得创业板大盘ETF(159814), 招商创业板大盘ETF(159991)"
A股,399295,2019-01-23,创业蓝筹,成长,*,-36.14%,-53.81%,-27.67%,2.6e+01,30.25%,4.9,30.25%,18.85%,1.70%,"华夏创业板低波价值ETF发起式联接A(007472), 华夏创业板低波价值ETF发起式联接C(007473), 华夏创业板低波价值ETF(159966)"
A股,399296,2019-01-23,创成长,成长,*,-44.81%,-60.86%,-29.08%,3.6e+01,28.98%,5.3,28.98%,14.72%,1.04%,"华夏创业板动量成长ETF发起式联接A(007474), 华夏创业板动量成长ETF发起式联接C(007475), 华夏创成长ETF(159967)"
A股,399303,2014-03-28,国证2000,宽基,,-36.58%,-66.75%,-47.57%,5.5e+01,63.10%,2.5,63.10%,4.55%,1.08%,"广发国证2000ETF联接C(010432), 申万菱信国证2000指数增强型发起式A(015921), 申万菱信国证2000指数增强型发起式C(015922), 万家国证2000ETF发起式联接A(016788), 万家国证2000ETF发起式联接C(016789), 天弘国证2000指数增强A(017547), 天弘国证2000指数增强C(017548), 鹏华国证2000指数增强A(017892), 鹏华国证2000指数增强C(017893), 华夏国证2000指数增强发起式A(018292), 华夏国证2000指数增强发起式C(018293), 鑫元国证2000指数增强A(018579), 鑫元国证2000指数增强C(018580), 万家国证2000指数增强A(018653), 万家国证2000指数增强C(018654), 中欧国证2000指数增强A(018663), 中欧国证2000指数增强C(018664), 招商国证2000指数增强A(018786), 招商国证2000指数增强C(018787), 景顺长城国证2000指数增强A(019013), 景顺长城国证2000指数增强C(019014), 汇添富国证2000指数增强A(019318), 汇添富国证2000指数增强C(019319), 民生加银国证2000指数增强A(019814), 民生加银国证2000指数增强C(019815), 广发国证2000ETF联接A(270026), 博时国证2000ETF(159505), 平安国证2000ETF(159521), 景顺长城国证2000ETF(159522), 国证2000ETF基金(159543), 万家国证2000ETF(159628), 广发国证2000ETF(159907)"
A股,399310,2005-09-05,国证A50,宽基,,-33.76%,-50.23%,-24.86%,1.6e+01,77.97%,1.9,77.97%,11.88%,2.68%,"天弘国证A50指数A(010953), 天弘国证A50指数C(010954)"
A股,399313,2005-02-03,巨潮100,宽基,,-29.99%,-45.92%,-22.75%,1.2e+01,53.58%,1.3,53.58%,10.83%,3.11%,"融通巨潮100指数C(004874), 融通巨潮100指数A/B(161607)"
A股,399324,2006-01-24,深证红利,成长,*,-44.33%,-54.40%,-18.09%,1.5e+01,75.21%,2.4,75.21%,16.00%,4.02%,"工银深证红利ETF联接C(006724), 工银深证红利ETF联接A(481012), 红利ETF(159708), 深红利ETF(159905)"
A股,399326,2006-01-24,成长40,成长,,-48.16%,-67.05%,-36.44%,2.5e+01,22.53%,3.9,22.53%,15.60%,1.61%,"大成深证成长40ETF联接A(090012), 大成深证成长40ETF(159906)"
A股,399330,2006-01-24,深证100,宽基,,-39.53%,-54.82%,-25.29%,2.3e+01,24.75%,2.6,24.75%,11.30%,2.11%,"宝盈祥瑞混合A(000639), 招商深证100指数C(004408), 易方达深证100ETF联接C(004742), 方正富邦深证100ETF联接A(006687), 方正富邦深证100ETF联接C(006688), 广发深证100ETF联接C(009472), 华安深证100ETF发起式联接A(017637), 华安深证100ETF发起式联接C(017638), 易方达深证100ETF联接A(110019), 融通深证100指数A/B(161604), 广发深证100指数（LOF）A(162714), 招商深证100指数A(217016), 建信深证100指数增强(530018), 广发深证100ETF(159576), 深证100ETF华安(159706), 易方达深证100ETF(159901), 方正富邦深证100ETF(159961), 深100P(159969), 深100ETF工银(159970), 招商深证100ETF(159975), 国投瑞银深证100指数（LOF）(161227), 银华深证100指数(161812)"
A股,399348,2009-11-04,深证价值,价值,,-27.08%,-44.89%,-24.42%,1.5e+01,41.52%,1.7,41.52%,11.33%,2.97%,"交银深证300价值ETF联接(519706), 交银深证300价值ETF(159913)"
A股,399364,2009-08-03,消费100,成长,,-40.14%,-56.86%,-27.93%,2.7e+01,58.17%,3.8,58.17%,14.07%,1.82%,"天弘国证消费100指数增强A(010771), 天弘国证消费100指数增强C(010772), 易米国证消费100指数增强发起A(013926), 易米国证消费100指数增强发起C(013927)"
A股,399377,2010-01-04,小盘价值,价值,,-38.18%,-60.22%,-35.65%,1.6e+01,44.01%,1.2,44.01%,7.50%,2.82%,小盘价值(159990)
A股,399393,2012-08-20,国证地产,价值,,-68.41%,-77.33%,-28.24%,-1.5e+01,20.26%,0.88,20.26%,-5.87%,1.12%,"国泰国证房地产行业指数C(015042), 国泰国证房地产行业指数A(160218)"
A股,399394,2012-10-29,国证医药,成长,,-52.67%,-64.50%,-24.99%,3.7e+01,21.38%,3.7,21.38%,10.00%,1.37%,"国泰国证医药卫生行业指数C(010144), 国泰国证医药卫生行业指数A(160219)"
A股,399395,2012-10-29,国证有色,成长,,-24.00%,-63.52%,-52.00%,2e+01,50.70%,2.5,50.70%,12.50%,1.74%,"国泰国证有色金属行业指数C(015596), 有色50(159880), 国泰国证有色金属行业指数A(160221)"
A股,399396,2012-10-29,国证食品,成长,,-53.70%,-61.10%,-15.98%,2.1e+01,19.98%,4.6,19.98%,21.90%,3.42%,"国泰国证食品饮料行业指数C(015040), 招商国证食品饮料ETF(159843), 国泰国证食品饮料行业指数A(160222)"
A股,399412,2014-05-16,国证新能,成长,,-49.98%,-63.05%,-26.13%,3.3e+01,63.80%,2.9,63.80%,8.79%,1.44%,"交银国证新能源指数（LOF）C(013453), 交银国证新能源指数（LOF）A(164905)"
A股,399417,2014-09-24,新能源车,成长,,-45.34%,-64.16%,-34.43%,2.9e+01,56.55%,3.7,56.55%,12.76%,1.35%,"国泰国证新能源汽车指数（LOF）C(014997), 国泰国证新能源汽车指数（LOF）A(160225)"
A股,399437,2014-12-30,证券龙头,周期,,-11.53%,-49.16%,-42.53%,2.1e+01,49.96%,1.6,49.96%,7.62%,1.35%,"宝盈国证证券龙头指数发起式A(015859), 宝盈国证证券龙头指数发起式C(015860), 龙头券商(159993)"
A股,399438,2014-12-30,绿色电力,价值,,-49.46%,-60.14%,-21.13%,1.8e+01,69.15%,1.9,69.15%,10.56%,2.58%,"嘉实国证绿色电力ETF发起联接A(017056), 嘉实国证绿色电力ETF发起联接C(017057), 天弘国证绿色电力指数发起A(017174), 天弘国证绿色电力指数发起C(017175), 国泰国证绿色电力ETF发起联接A(018034), 国泰国证绿色电力ETF发起联接C(018035), 嘉实国证绿色电力ETF(159625), 国泰国证绿色电力ETF(159669)"
A股,399440,2014-12-30,国证钢铁,周期,,-56.32%,-70.40%,-32.23%,4.2e+01,51.98%,1.1,51.98%,2.62%,1.85%,"鹏华国证钢铁行业指数(LOF)C(012810), 国联钢铁C(016815), 鹏华国证钢铁行业指数(LOF)A(502023), 国联钢铁A(168203)"
A股,399441,2015-01-20,生物医药,成长,*,-66.44%,-75.46%,-26.88%,5.2e+01,15.86%,3.6,15.86%,6.92%,0.95%,"天弘国证生物医药ETF发起式联接A(011040), 天弘国证生物医药ETF发起式联接C(011041), 招商国证生物医药指数C(012417), 华安国证生物医药ETF发起式联接A(012598), 华安国证生物医药ETF发起式联接C(012599), 华安国证生物医药ETF(159508), 汇添富国证生物医药ETF(159839), 天弘国证生物医药ETF(159859), 招商国证生物医药指数A(161726)"
A股,399550,2012-06-06,央视50,价值,,-21.75%,-41.83%,-25.66%,1e+01,30.85%,1.1,30.85%,11.00%,3.82%,"招商央视财经50指数C(004410), 国联央视财经50ETF联接A(006743), 国联央视财经50ETF联接C(006744), 建信央视财经50指数(165312), 招商央视财经50指数A(217027), 国联央视50ETF(159965)"
A股,399610,2010-11-08,TMT50,成长,,-29.35%,-66.04%,-51.93%,3.8e+01,52.97%,4.1,52.97%,10.79%,1.00%,"招商深证TMT50ETF联接C(004409), 招商深证TMT50ETF联接A(217019), 深证TMT50ETF(159909)"
A股,399624,2011-08-15,中创400,成长,,-46.04%,-69.17%,-42.87%,4.4e+01,38.01%,2.6,38.01%,5.91%,1.08%,"嘉实中创400ETF联接C(005727), 嘉实中创400ETF联接A(070030), 嘉实中创400ETF(159918)"
A股,399673,2014-06-18,创业板50,成长,,-38.63%,-74.93%,-59.15%,3.4e+01,46.91%,5.1,46.91%,15.00%,1.15%,"交银创业板50指数A(007464), 交银创业板50指数C(007465), 华安创业板50指数C(014985), 景顺长城创业板50ETF联接A(017949), 景顺长城创业板50ETF联接C(017950), 鹏华创业板50ETF联接A(018482), 鹏华创业板50ETF联接C(018483), 华安创业板50指数A(160420), 华安创业板50ETF联接A(160422), 华安创业板50ETF联接C(160424), 创50ETF(159681), 景顺长城创业板50ETF(159682), 华安创业板50ETF(159949)"
A股,399699,2017-06-09,金融科技,成长,,-7.14%,-54.45%,-50.95%,2.2e+01,46.22%,2.3,46.22%,10.45%,1.87%,"合煦智远金融科技指数（LOF）C(168702), 合煦智远金融科技指数（LOF）A(168701)"
A股,399701,2010-05-10,深证F60,价值,,-33.98%,-47.38%,-20.30%,2.1e+01,31.01%,2.1,31.01%,10.00%,2.53%,"建信深证基本面60ETF联接C(006363), 建信深证基本面60ETF联接A(530015), 建信深证基本面60ETF(159916)"
A股,399702,2010-05-10,深证F120,价值,,-30.74%,-45.89%,-21.87%,2.1e+01,28.95%,2.1,28.95%,10.00%,2.41%,"嘉实深证基本面120ETF联接C(005998), 嘉实深证基本面120ETF联接A(070023), 嘉实深证基本面120ETF(159910)"
A股,399803,2015-02-13,工业4.0,成长,,-26.83%,-71.66%,-61.27%,3.5e+01,25.29%,3.6,25.29%,10.29%,1.11%,"富国中证工业4.0指数C(014172), 富国中证工业4.0指数A(161031)"
A股,399804,2015-02-09,中证体育,成长,,-54.25%,-72.57%,-40.04%,4.3e+01,44.69%,3.1,44.69%,7.21%,1.97%,"富国中证体育产业指数C(013278), 富国中证体育产业指数A(161030)"
A股,399806,2014-07-21,环境治理,成长,,-61.98%,-75.68%,-36.03%,2.9e+01,27.06%,1.6,27.06%,5.52%,1.72%,"交银中证环境治理指数(LOF)C(013413), 交银中证环境治理指数(LOF)A(164908), 汇添富中证环境治理指数（LOF）A(501030), 汇添富中证环境治理指数（LOF）C(501031)"
A股,399807,2015-01-20,高铁产业,价值,,-59.07%,-67.14%,-19.72%,1.3e+01,19.52%,0.94,19.52%,7.23%,2.52%,"鹏华中证高铁产业指数(LOF)C(015678), 南方中证高铁产业指数（LOF）(160135), 鹏华中证高铁产业指数(LOF)A(160639)"
A股,399808,2015-02-10,中证新能,成长,,-59.91%,-68.89%,-22.40%,4.4e+01,29.65%,2.3,29.65%,5.23%,1.42%,"天弘中证新能源指数增强A(012328), 天弘中证新能源指数增强C(012329), 南方中证新能源ETF联接A(012831), 南方中证新能源ETF联接C(012832), 东财中证新能源指数增强A(014237), 东财中证新能源指数增强C(014238), 华夏中证新能源ETF发起式联接A(017571), 华夏中证新能源ETF发起式联接C(017572), 易方达中证新能源ETF联接发起式A(019315), 易方达中证新能源ETF联接发起式C(019316), 博时中证新能源ETF发起式联接A(019855), 博时中证新能源ETF发起式联接C(019856), 易方达中证新能源ETF(516090), 南方中证新能源ETF(516160), 博时新能源ETF(516580), 华夏中证新能源ETF(516850), 嘉实中证新能源ETF(159875)"
A股,399809,2015-02-13,保险主题,价值,,-9.70%,-50.70%,-45.40%,7.9,30.68%,0.87,30.68%,11.01%,3.76%,"方正富邦中证保险C(018099), 方正富邦中证保险A(167301)"
A股,399812,2014-06-06,养老产业,成长,,-52.31%,-65.09%,-26.80%,1.5e+01,26.32%,2.3,26.32%,15.33%,2.34%,"广发养老指数A(000968), 广发养老指数C(002982), 华宝养老ETF(516560)"
A股,399814,2014-07-22,大农业,周期,*,-46.28%,-59.47%,-24.55%,2e+01,28.86%,3.1,28.86%,15.50%,2.30%,"前海开源中证大农业指数增强A(001027), 前海开源中证大农业指数增强C(015484), 嘉实中证大农业ETF发起联接A(019279), 嘉实中证大农业ETF发起联接C(019280), 嘉实中证大农业ETF(516550)"
A股,399850,2023-10-18,深证50,成长,,-8.63%,-16.67%,-8.80%,2.3e+01,96.18%,3.4,96.18%,14.78%,2.21%,"富国深证50ETF发起式联接A(020513), 富国深证50ETF发起式联接C(020514), 易方达深证50ETF联接发起式A(020517), 易方达深证50ETF联接发起式C(020518), 易方达深证50ETF(159150), 富国深证50ETF(159350)"
A股,399965,2012-12-21,800地产,价值,*,-70.83%,-77.11%,-21.53%,-1.2e+01,16.56%,0.76,16.56%,-6.33%,1.18%,"鹏华中证800地产指数(LOF)C(015674), 华宝中证800地产ETF(159707), 鹏华中证800地产指数(LOF)A(160628)"
A股,399966,2012-12-21,800证保,价值,,-36.39%,-60.00%,-37.12%,1.4e+01,40.12%,1.6,40.12%,11.43%,1.97%,"鹏华中证800证券保险指数(LOF)C(015693), 保险证券(515630), 鹏华中证800证券保险指数(LOF)A(160625)"
A股,399967,2013-12-26,中证军工,成长,,-44.61%,-71.40%,-48.37%,1.1e+02,70.51%,3.6,70.51%,3.27%,0.52%,"前海开源中证军工指数A(000596), 前海开源中证军工指数C(002199), 广发中证军工ETF联接A(003017), 广发中证军工ETF联接C(005693), 易方达中证军工指数（LOF）C(012842), 富国中证军工指数C(013035), 申万菱信中证军工指数C(016209), 易方达中证军工指数（LOF）A(502003), 易方达中证军工ETF(512560), 国泰中证军工ETF(512660), 广发中证军工ETF(512680), 华宝中证军工ETF(512810), 富国中证军工指数A(161024), 申万菱信中证军工指数A(163115)"
A股,399970,2014-05-05,移动互联,成长,,-34.77%,-69.95%,-53.93%,4.7e+01,40.03%,3.8,40.03%,8.09%,0.89%,"富国中证移动互联网指数C(014173), 鹏华中证移动互联网指数(LOF)C(015676), 鹏华中证移动互联网指数(LOF)A(160636), 富国中证移动互联网指数A(161025)"
A股,399971,2014-04-15,中证传媒,成长,,-72.32%,-83.64%,-40.90%,3.8e+01,34.06%,2.4,34.06%,6.32%,1.79%,"广发中证传媒ETF联接A(004752), 广发中证传媒ETF联接C(004753), 工银传媒指数C(010677), 鹏华中证传媒指数(LOF)C(015675), 广发中证传媒ETF联接E(018864), 博时中证传媒指数发起式A(020183), 博时中证传媒指数发起式C(020184), 工银传媒指数E(020407), 工银传媒指数A(164818), 广发中证传媒ETF(512980), 传媒ETF(159805), 鹏华中证传媒指数(LOF)A(160629)"
A股,399973,2014-04-15,中证国防,成长,,-47.95%,-71.73%,-45.69%,8.1e+01,54.53%,4.0,54.53%,4.94%,0.62%,"鹏华国防C(012041), 国防ETF(512670), 鹏华国防A(160630)"
A股,399974,2014-08-07,国企改革,价值,,-32.63%,-55.92%,-34.57%,1.4e+01,35.91%,1.4,35.91%,10.00%,2.96%,"英大国企改革(001678), 易方达中证国有企业改革指数（LOF）C(012873), 富国中证国有企业改革指数C(014174), 易方达中证国有企业改革指数（LOF）A(502006), 富国中证国有企业改革ETF(159528), 富国中证国有企业改革指数A(161026)"
A股,399975,2013-07-15,证券公司,周期,,-50.43%,-73.22%,-45.98%,2.2e+01,45.43%,1.6,45.43%,7.27%,1.30%,"南方中证全指证券公司ETF联接A(004069), 南方中证全指证券公司ETF联接C(004070), 华宝券商ETF联接(006098), 华宝券商ETF联接C(007531), 华夏中证全指证券公司ETF联接A(007992), 华夏中证全指证券公司ETF联接C(007993), 天弘中证全指证券公司ETF发起式联接A(008590), 天弘中证全指证券公司ETF发起式联接C(008591), 鹏华券商C(012044), 国泰中证全指证券公司ETF联接A(012362), 国泰中证全指证券公司ETF联接C(012363), 易方达中证全指证券公司ETF联接A(012590), 建信中证全指证券公司ETF发起式联接A(012645), 建信中证全指证券公司ETF发起式联接C(012646), 易方达中证全指证券公司ETF联接C(012700), 易方达中证全指证券公司指数（LOF）C(012874), 富国中证全指证券公司指数C(013276), 招商中证全指证券公司指数C(013597), 华安中证全指证券公司ETF联接C(014984), 嘉实中证全指证券公司指数发起式A(016842), 嘉实中证全指证券公司指数发起式C(016843), 博时证券公司指数C(018686), 长盛中证证券公司指数C(021556), 华安中证全指证券公司ETF联接A(160419), 博时证券公司指数A(160516), 汇添富中证全指证券公司ETF联接（LOF）A(501047), 汇添富中证全指证券公司ETF联接（LOF）C(501048), 易方达中证全指证券公司指数（LOF）A(502010), 长盛中证证券公司指数（LOF)A(502053), 华宝中证全指证券公司ETF(512000), 易方达中证全指证券公司ETF(512570), 国泰中证全指证券公司ETF(512880), 南方中证全指证券公司ETF(512900), 华夏中证全指证券公司ETF(515010), 建信中证全指证券公司ETF(515560), 富国中证全指证券公司ETF(515850), 华安中证全指证券公司ETF(516200), 汇添富中证全指证券公司ETF(560090), 天弘中证全指证券公司ETF(159841), 券商ETF(159842), 国联安证券ETF(159848), 鹏华券商A(160633), 富国中证全指证券公司指数A(161027), 招商中证全指证券公司指数A(161720)"
A股,399976,2014-11-28,CS新能车,成长,,-51.24%,-67.84%,-34.04%,2.9e+01,34.31%,3.5,34.31%,12.07%,1.32%,"国泰中证新能源汽车ETF联接A(009067), 国泰中证新能源汽车ETF联接C(009068), 东财中证新能源车ETF发起式联接A(010805), 东财中证新能源车ETF发起式联接C(010806), 天弘中证新能源车A(011512), 天弘中证新能源车C(011513), 嘉实中证新能源汽车指数A(012543), 嘉实中证新能源汽车指数C(012544), 华夏中证新能源汽车ETF发起式联接A(013013), 华夏中证新能源汽车ETF发起式联接C(013014), 富国中证新能源汽车指数C(013048), 招商中证新能源汽车指数A(013195), 招商中证新能源汽车指数C(013196), 华安中证新能源汽车ETF发起式联接A(013319), 华安中证新能源汽车ETF发起式联接C(013320), 博时中证新能源汽车ETF发起式联接A(019090), 博时中证新能源汽车ETF发起式联接C(019091), 华夏中证新能源汽车ETF(515030), 华安中证新能源汽车ETF(516660), 新能源车龙头ETF(159637), 国泰中证新能源汽车ETF(159806), 博时新能源汽车ETF(159824), 富国中证新能源汽车指数A(161028)"
A股,399983,2013-11-22,地产等权,价值,,-75.84%,-79.33%,-14.45%,-6.8,15.12%,0.61,15.12%,-8.97%,1.22%,"招商沪深300地产等权重指数C(013273), 招商沪深300地产等权重指数A(161721)"
A股,399986,2013-07-15,中证银行,价值,,4.34%,-37.08%,-39.70%,7.2,44.85%,0.72,44.85%,10.00%,4.11%,"天弘中证银行ETF联接A(001594), 天弘中证银行ETF联接C(001595), 南方中证银行ETF发起联接A(004597), 南方中证银行ETF发起联接C(004598), 华宝银行ETF联接C(006697), 汇添富中证银行ETF联接A(007153), 汇添富中证银行ETF联接C(007154), 华夏中证银行ETF联接A(008298), 华夏中证银行ETF联接C(008299), 易方达中证银行ETF联接（LOF）C(009860), 东财中证银行指数A(011971), 东财中证银行指数C(011972), 鹏华银行C(012042), 南方中证银行ETF发起联接E(012547), 富国中证银行指数C(013330), 招商中证银行指数C(014028), 华安中证银行ETF联接C(014983), 东财中证银行指数E(021129), 华安中证银行ETF联接A(160418), 博时中证银行指数A(160517), 招商中证银行指数A(161723), 华宝银行ETF联接A(240019), 南方中证银行ETF(512700), 银行FUND(512730), 华宝中证银行ETF(512800), 中证银行ETF(512820), 华夏中证银行ETF(515020), 富国中证银行ETF(515280), 天弘中证银行ETF(515290), 华安中证银行ETF(516210), 易方达中证银行ETF(516310), 鹏华银行A(160631), 富国中证银行指数A(161029), 易方达中证银行ETF联接（LOF）A(161121)"
A股,399987,2014-12-10,中证酒,成长,,-53.60%,-60.35%,-14.55%,1.9e+01,23.85%,5.0,23.85%,26.32%,3.74%,"鹏华酒C(012043), 酒ETF(512690), 鹏华酒A(160632)"
A股,399989,2014-10-31,中证医疗,成长,,-62.72%,-72.79%,-27.01%,3.4e+01,13.47%,3.8,13.47%,11.18%,1.50%,"广发中证医疗ETF联接C(009881), 华宝医疗ETF联接C(012323), 国泰中证医疗ETF联接A(012634), 国泰中证医疗ETF联接C(012635), 嘉实中证医疗指数发起式A(014602), 嘉实中证医疗指数发起式C(014603), 易方达中证医疗ETF联接发起式A(017937), 易方达中证医疗ETF联接发起式C(017938), 博时中证医疗指数发起式A(018397), 博时中证医疗指数发起式C(018398), 国泰中证医疗ETF联接E(021681), 广发中证医疗ETF联接（LOF）A(502056), 华宝中证医疗ETF(512170), 广发中证医疗ETF(560260), 国泰中证医疗ETF(159828), 易方达中证医疗ETF(159847), 华宝医疗ETF联接A(162412)"
A股,399990,2015-01-21,煤炭等权,周期,,-20.51%,-62.14%,-52.37%,1.3e+01,78.67%,1.5,78.67%,11.54%,5.33%,"招商中证煤炭等权指数C(013596), 招商中证煤炭等权指数A(161724)"
A股,399991,2015-02-16,一带一路,价值,,-26.86%,-59.12%,-44.11%,1.3e+01,45.30%,1.2,45.30%,9.23%,3.16%,"鹏华中证一带一路主题指数(LOF)C(015677), 安信一带一路指数(167503), 鹏华中证一带一路主题指数(LOF)A(160638)"
A股,399993,2015-05-08,CSWD生科,成长,,-55.67%,-70.43%,-33.30%,8.6e+01,21.33%,4.0,21.33%,4.65%,0.84%,"易方达中证万得生物科技指数（LOF）C(010572), 易方达中证万得生物科技指数（LOF）A(161122)"
A股,399994,2015-03-12,信息安全,成长,,-53.28%,-71.98%,-40.03%,9.3e+01,32.21%,3.6,32.21%,3.87%,0.84%,"中信保诚中证信息安全指数（LOF）C(013083), 中信保诚中证信息安全指数（LOF）A(165523), 易方达中证信息安全主题ETF(562920), 嘉实中证信息安全主题ETF(159613)"
A股,399995,2015-03-12,基建工程,价值,,-63.51%,-72.33%,-24.17%,8.3,13.34%,0.73,13.34%,8.80%,2.89%,"广发中证基建工程ETF联接A(005223), 广发中证基建工程ETF联接C(005224), 中信保诚中证基建工程指数(LOF)C(013082), 博时中证基建工程指数发起式A(020323), 博时中证基建工程指数发起式C(020324), 广发中证基建工程ETF(516970), 中信保诚中证基建工程指数(LOF)A(165525)"
A股,399996,2014-09-17,智能家居,成长,,-34.29%,-69.78%,-54.01%,2.7e+01,44.73%,3.3,44.73%,12.22%,1.67%,"中信保诚中证智能家居指数（LOF）C(013084), 中信保诚中证智能家居指数（LOF）A(165524)"
A股,399997,2015-01-21,中证白酒,成长,,-55.66%,-61.14%,-12.36%,1.8e+01,21.58%,5.2,21.58%,28.89%,3.84%,"招商中证白酒指数C(012414), 招商中证白酒指数A(161725)"
A股,399998,2015-02-13,中证煤炭,周期,,-27.54%,-60.38%,-45.32%,1.3e+01,78.67%,1.5,78.67%,11.54%,5.33%,"国泰中证煤炭ETF联接A(008279), 国泰中证煤炭ETF联接C(008280), 富国中证煤炭指数C(013275), 国联煤炭C(016814), 国泰中证煤炭ETF(515223), 国泰中证煤炭ETF(515220), 富国中证煤炭指数A(161032), 国联煤炭A(168204)"
A股,980015,2015-02-16,疫苗生科,成长,,-64.53%,-72.01%,-21.09%,5.7e+01,49.78%,4.3,49.78%,7.54%,1.02%,"华夏国证疫苗与生物科技指数发起式A(016355), 华夏国证疫苗与生物科技指数发起式C(016356), 国泰国证疫苗与生物科技ETF发起联接A(017185), 国泰国证疫苗与生物科技ETF发起联接C(017186), 富国国证疫苗与生物科技ETF发起式联接A(021280), 富国国证疫苗与生物科技ETF发起式联接C(021281), 国泰国证疫苗与生物科技ETF(159643), 富国国证疫苗与生物科技ETF(159645), 疫苗ETF基金(159646), 生物疫苗ETF(159657)"
A股,980017,2015-02-17,国证芯片,成长,,-30.85%,-61.64%,-44.53%,1.1e+02,51.67%,5.4,51.67%,4.91%,0.17%,"华夏国证半导体芯片ETF联接A(008887), 华夏国证半导体芯片ETF联接C(008888), 广发国证半导体芯片ETF联接A(012629), 广发国证半导体芯片ETF联接C(012630), 鹏华国证半导体芯片ETF联接A(012969), 鹏华国证半导体芯片ETF联接C(012970), 半导体龙头ETF(159665), 广发国证半导体芯片ETF(159801), 芯片(159813), 华夏国证半导体芯片ETF(159995)"
A股,980030,2015-02-17,消费电子,成长,,-27.70%,-56.31%,-39.57%,4e+01,67.56%,3.2,67.56%,8.00%,0.83%,"东财消费电子指数增强A(012319), 东财消费电子指数增强C(012320), 华夏国证消费电子主题ETF发起式联接A(018300), 华夏国证消费电子主题ETF发起式联接C(018301), 博时国证消费电子主题指数发起式A(020983), 博时国证消费电子主题指数发起式C(020984), 华夏国证消费电子主题ETF(159732)"
A股,980032,2015-02-17,新能电池,成长,,-49.52%,-67.76%,-36.13%,2.7e+01,36.46%,3.7,36.46%,13.70%,1.39%,"广发国证新能源车电池ETF发起联接A(013179), 广发国证新能源车电池ETF发起联接C(013180), 景顺长城国证新能源车电池ETF联接A(015871), 景顺长城国证新能源车电池ETF联接C(015872), 工银国证新能源车电池ETF发起式联接A(015873), 工银国证新能源车电池ETF发起式联接C(015874), 万家国证新能源车电池指数发起式A(018379), 万家国证新能源车电池指数发起式C(018380), 广发国证新能源车电池ETF(159755), 景顺长城国证新能源车电池ETF(159757), 兴银国证新能源车电池 ETF(159767), 建信国证新能源车电池ETF(159775), 锂电池ETF(159840)"
港股,HSCAIT,2009-09-21,恒生A股行业龙头指数,价值,,-27.70%,-44.32%,-22.99%,1.2e+01,73.18%,1.3,73.18%,10.83%,3.65%,"汇丰晋信恒生龙头指数C(001149), 汇丰晋信恒生龙头指数A(540012)"
港股,HSCEI,1994-08-08,恒生中国企业指数,价值,,-38.00%,-66.64%,-46.19%,1e+01,86.21%,1.2,86.21%,12.00%,3.32%,"南方恒生中国企业ETF联接A(005554), 南方恒生中国企业ETF联接C(005555), 易方达恒生国企联接（QDII）C(005675), 易方达恒生国企联接（QDII）A(110031), 易方达恒生国企（QDII-ETF）(510900), 嘉实H股50ETF（QDII）(159823), 华夏恒生中国企业ETF（QDII）(159850), 南方恒生中国企业ETF(159954), 平安恒生中国企业ETF(159960), 嘉实H股指数（QDII-LOF）(160717), 银华恒生国企指数（QDII-LOF）(161831)"
港股,HSCGSI,2015-08-17,恒生消费指数,价值,,-43.56%,-60.18%,-29.45%,1.9e+01,83.67%,3.1,83.67%,16.32%,3.24%,"嘉实恒生消费指数发起（QDII）A(018200), 嘉实恒生消费指数发起（QDII）C(018201), 景顺长城恒生消费ETF联接（QDII）A(019102), 景顺长城恒生消费ETF联接（QDII）C(019103), 景顺长城恒生消费ETF（QDII）(513970), 广发恒生消费（QDII-ETF）(159699)"
港股,HSCSOE,2023-01-01,恒生中国央企指数,价值,,7.55%,-25.23%,-30.48%,7.8,99.68%,0.78,99.68%,10.00%,5.18%,鹏华恒生中国央企ETF（QDII)(513170)
港股,HSHCI,2015-08-17,恒生医疗保健指数,成长,,-50.01%,-75.99%,-51.97%,3.4e+01,71.95%,3.1,71.95%,9.12%,0.92%,博时恒生医疗保健(QDII-ETF)(513060)
港股,HSHKBIO,2019-12-01,恒生生物科技指数,成长,*,459.79%,-75.58%,-95.64%,3.4e+01,60.63%,3.2,60.63%,9.41%,0.88%,"华夏恒生香港上市生物科技ETF发起式联接（QDII）A(016970), 华夏恒生香港上市生物科技ETF发起式联接（QDII）C(016971), 南方恒生香港上市生物科技ETF发起联接（QDII）A(018078), 南方恒生香港上市生物科技ETF发起联接（QDII）C(018079), 汇添富恒生香港上市生物科技ETF发起式联接（QDII）A(020634), 汇添富恒生香港上市生物科技ETF发起式联接（QDII）C(020635), 汇添富恒生香港上市生物科技ETF(513280), 南方恒生香港上市生物科技ETF（QDII）(159615), 华夏恒生香港上市生物科技ETF（QDII）(159892)"
港股,HSHYLV,2017-05-08,恒生港股通高股息低波动指数,价值,,-4.28%,-49.75%,-47.50%,7.2,66.77%,0.69,66.77%,9.58%,5.60%,富国恒生港股通高股息低波动ETF（QDII）(513950)
港股,HSI,1989-03-09,恒生指数,宽基,,-22.90%,-55.70%,-42.54%,1.2e+01,85.03%,1.3,85.03%,10.83%,3.44%,"华夏恒生ETF联接A(000071), 华夏沪港通恒生ETF联接A(000948), 南方恒生指数ETF联接C(005659), 南方恒生指数ETF联接（LOF）A(501302), 南方恒生指数ETF(513600), 华夏沪港通恒生ETF(513660), 华夏恒生ETF(159920), 大成恒生指数（QDII-LOF）A(160924), 汇添富恒生指数(QDII-LOF) A(164705)"
港股,HSIII,2020-07-20,恒生互联网科技业指数,成长,,-56.52%,-75.77%,-44.27%,2e+01,33.28%,3.1,33.28%,15.50%,1.03%,"华夏恒生互联网科技业ETF发起式联接（QDII）A(013171), 华夏恒生互联网科技业ETF发起式联接（QDII）C(013172), 华夏恒生互联网科技业ETF（QDII）(513330)"
港股,HSMCHYI,2019-09-01,恒生中国内地企业高股息率指数,价值,,-25.33%,-56.41%,-41.62%,7.4,98.14%,0.78,98.14%,10.54%,5.31%,华夏恒生中国内地企业高股息率ETF(159726)
港股,HSMI,2001-10-03,恒生综合中型股指数,价值,,-25.42%,-55.37%,-40.16%,1.5e+01,65.64%,1.1,65.64%,7.33%,3.21%,"广发恒生中型股指数C(004996), 广发恒生中型股指数（LOF）A(501303)"
港股,HSML25,2003-01-20,恒生中国(香港上市)30指数,价值,,-20.08%,-59.55%,-49.39%,1e+01,69.54%,1.1,69.54%,11.00%,3.45%,"华宝香港大盘C(006355), 香港大盘LOF(501301)"
港股,HSSCHKY,2019-11-01,恒生港股通高股息率指数,价值,*,-29.66%,-56.74%,-38.50%,7.5,93.56%,0.72,93.56%,9.60%,5.55%,"博时恒生高股息ETF发起式联接A(014519), 博时恒生高股息ETF发起式联接C(014520), 博时恒生高股息ETF(513690)"
港股,HSSCNE,2018-01-08,恒生港股通新经济指数,成长,,-34.65%,-67.84%,-50.79%,2.5e+01,84.35%,3.6,84.35%,14.40%,0.92%,嘉实港股通新经济指数(LOF)A(501311)
港股,HSSI,2001-10-03,恒生综合小型股指数,价值,,-47.59%,-69.39%,-41.60%,2.3e+01,58.61%,1.0,58.61%,4.35%,2.67%,"易方达香港恒生综合小型股指数（QDII-LOF）C(006263), 易方达香港恒生综合小型股指数（QDII-LOF）A(161124)"
港股,HSSSHID,2020-03-01,恒生沪深港创新药精选50指数,成长,,-34.37%,-64.78%,-46.34%,3.7e+01,56.68%,3.8,56.68%,10.27%,0.80%,天弘恒生沪深港创新药精选50ETF(517380)
港股,HSTECH,2020-07-01,恒生科技指数,成长,,-48.25%,-74.40%,-50.53%,2.3e+01,68.61%,3.2,68.61%,13.91%,1.04%,"天弘恒生科技指数A(012348), 天弘恒生科技指数C(012349), 广发恒生科技ETF联接（QDII）A(012804), 华夏恒生科技ETF发起式联接（QDII）A(013402), 博时恒生科技ETF发起式联接（QDII）A(014438), 易方达恒生科技ETF（QDII）(513010), 恒生科技(513130), 华夏恒生科技ETF（QDII）(513180), 汇添富恒生科技ETF(513260), 华安恒生科技ETF(513580), 摩根恒生科技ETF(QDII)(513890), 大成恒生科技ETF（QDII）(159740), 嘉实恒生科技ETF（QDII）(159741), 博时恒生科技ETF（QDII）(159742)"
