899050,"广发北证50成份指数A(017512), 广发北证50成份指数C(017513), 易方达北证50成份指数A(017515), 易方达北证50成份指数C(017516), 招商北证50成份指数发起式A(017517), 招商北证50成份指数发起式C(017518), 汇添富北证50成份指数A(017519), 汇添富北证50成份指数C(017520), 富国北证50成份指数A(017521), 富国北证50成份指数C(017522), 南方北证50成份指数发起A(017523), 南方北证50成份指数发起C(017524), 华夏北证50成份指数A(017525), 华夏北证50成份指数C(017526), 嘉实北证50成份指数A(017527), 嘉实北证50成份指数C(017528), 工银北证50成份指数A(018112), 工银北证50成份指数C(018113), 鹏扬北证50成份指数A(018114), 鹏扬北证50成份指数C(018115), 万家北证50成份指数发起式A(018120), 万家北证50成份指数发起式C(018121), 博时北证50成份指数发起式A(018128), 博时北证50成份指数发起式C(018129), 创金合信北证50成份指数增强A(019993), 创金合信北证50成份指数增强C(019994), 东财北证50指数发起式A(020828), 东财北证50指数发起式C(020829), 华安北证50成份指数发起式A(021172), 中欧北证50成份指数发起A(021298), 中欧北证50成份指数发起C(021299)"
930050,"摩根中证A50ETF发起式联接A(021177), 摩根中证A50ETF发起式联接C(021178), 平安中证A50ETF联接A(021183), 平安中证A50ETF联接C(021184), 易方达中证A50ETF联接发起式A(021206), 易方达中证A50ETF联接发起式C(021207), 银华中证A50ETF联接A(021208), 银华中证A50ETF联接C(021209), 富国中证A50ETF发起式联接A(021210), 富国中证A50ETF发起式联接C(021211), 大成中证A50ETF联接A(021212), 大成中证A50ETF联接C(021213), 嘉实中证A50ETF联接A(021214), 嘉实中证A50ETF联接C(021215), 华宝中证A50ETF发起式联接A(021216), 华宝中证A50ETF发起式联接C(021217), 华泰柏瑞中证A50ETF发起式联接A(021222), 华泰柏瑞中证A50ETF发起式联接C(021223), 工银中证A50ETF联接A(021231), 工银中证A50ETF联接C(021232), 博时中证A50指数发起式A(021233), 浦银安盛中证A50指数增强A(021256), 浦银安盛中证A50指数增强C(021257), 大成中证A50ETF联接E(021359), 中欧中证A50指数A(021889), 中欧中证A50指数C(021890), 摩根中证A50ETF(560350), 中证A50ETF基金(561230), 嘉实中证A50ETF(562890), 易方达中证A50ETF(563080), 中证A50(563350), 富国中证A50ETF(159591), A50ETF基金(159592), 平安中证A50ETF(159593), 大成中证A50ETF(159595), 华宝中证A50ETF(159596)"
930598,"嘉实中证稀土产业ETF联接A(011035), 嘉实中证稀土产业ETF联接C(011036), 华泰柏瑞中证稀土产业ETF发起式联接A(014331), 华泰柏瑞中证稀土产业ETF发起式联接C(014332), 嘉实中证稀土产业ETF(516150), 稀土ETF(516780), 富国中证稀土产业ETF(159713), 易方达中证稀土产业ETF(159715)"
930599,"东财高端制造增强A(011667), 东财高端制造增强C(011668), 天弘中证高端装备制造增强A(012212), 天弘中证高端装备制造增强C(012213), 东财高端制造增强E(020987)"
930601,"嘉实中证软件服务ETF联接A(012619), 嘉实中证软件服务ETF联接C(012620), 万家中证软件服务ETF发起式联接A(018182), 万家中证软件服务ETF发起式联接C(018183), 易方达中证软件服务ETF联接发起式A(019061), 易方达中证软件服务ETF联接发起式C(019062), 博时中证软件服务指数发起式A(019503), 博时中证软件服务指数发起式C(019504), 天弘中证软件服务指数发起A(021535), 天弘中证软件服务指数发起C(021536), 万家中证软件服务ETF(560360), 易方达中证软件服务ETF(562930), 嘉实中证软件服务ETF(159852)"
930604,"广发中证海外中国互联网30（QDII-ETF）(159605), 嘉实中证海外中国互联网30ETF（QDII）(159607)"
930606,"国泰中证钢铁ETF联接A(008189), 国泰中证钢铁ETF联接C(008190), 财通资管中证钢铁指数发起式A(013802), 财通资管中证钢铁指数发起式C(013803), 国泰中证钢铁ETF(515213), 国泰中证钢铁ETF(515210)"
930608,"银华中证基建ETF发起式联接A(015761), 银华中证基建ETF发起式联接C(015762), 国泰中证基建ETF发起联接A(016836), 国泰中证基建ETF发起联接C(016837), 华安中证基建指数发起式A(016908), 华安中证基建指数发起式C(016909), 华夏中证基建ETF发起式联接A(017683), 华夏中证基建ETF发起式联接C(017684), 基建ETF(516950), 国泰中证基建ETF(159619), 华夏中证基建ETF(159635)"
930614,"国泰中证环保产业50ETF联接A(012503), 国泰中证环保产业50ETF联接C(012504), 国泰中证环保产业50ETF联接E(021610), 国泰中证环保产业50ETF(159861)"
930625,"东财沪港深互联网指数A(012371), 东财沪港深互联网指数C(012372), 工银沪港深互联网ETF发起式联接A(012759), 工银沪港深互联网ETF发起式联接C(012760), 东财沪港深互联网指数E(021358), 互联网50(517050), 嘉实中证沪港深互联网ETF(517200), 汇添富中证沪港深互联网ETF(159729), 互联网龙头ETF(159856)"
930629,
930632,"华宝中证稀有金属指数增强发起A(013942), 华宝中证稀有金属指数增强发起C(013943), 嘉实中证稀有金属主题ETF发起联接A(014110), 嘉实中证稀有金属主题ETF发起联接C(014111), 工银中证稀有金属主题ETF发起式联接A(019087), 工银中证稀有金属主题ETF发起式联接C(019088), 广发中证稀有金属ETF发起式联接A(019874), 广发中证稀有金属ETF发起式联接C(019875), 华富中证稀有金属主题ETF(561800), 嘉实中证稀有金属主题ETF(562800), 广发中证稀有金属ETF(159608), 稀有金属ETF基金(159671)"
930633,"华夏中证旅游主题ETF(562510), 富国中证旅游主题ETF(159766)"
930641,"鹏华中证中药ETF联接A(016891), 鹏华中证中药ETF联接C(016892), 汇添富中证中药ETF联接（LOF）A(501011), 汇添富中证中药ETF联接（LOF）C(501012), 汇添富中证中药ETF(560080), 中医药(561510), 中药(562390), 中药ETF(159647)"
930651,"天弘中证计算机主题ETF联接A(001629), 天弘中证计算机主题ETF联接C(001630), 国泰中证计算机主题ETF联接C(010210), 国泰中证计算机主题ETF联接A(160224), 国泰中证计算机主题ETF(512720), 天弘中证计算机主题ETF(159998)"
930652,"天弘中证电子ETF联接A(001617), 天弘中证电子ETF联接C(001618), 天弘中证电子ETF(159997)"
930653,"天弘中证食品饮料ETF联接A(001631), 天弘中证食品饮料ETF联接C(001632), 东财食品饮料指数增强A(012340), 东财食品饮料指数增强C(012341), 天弘中证食品饮料ETF(159736)"
930697,"广发中证全指家用电器ETF联接A(005063), 广发中证全指家用电器ETF联接C(005064), 国泰中证全指家用电器ETF联接A(008713), 国泰中证全指家用电器ETF联接C(008714), 富国中证全指家用电器ETF发起式联接A(017226), 富国中证全指家用电器ETF发起式联接C(017227), 嘉实中证全指家用电器指数发起式A(018564), 嘉实中证全指家用电器指数发起式C(018565), 广发中证全指家用电器ETF(560880), 富国中证全指家用电器ETF(561120), 国泰中证全指家用电器ETF(159996)"
930707,"国泰中证畜牧养殖ETF联接A(012724), 国泰中证畜牧养殖ETF联接C(012725), 招商中证畜牧养殖ETF联接A(014414), 招商中证畜牧养殖ETF联接C(014415), 招商中证畜牧养殖ETF(516670), 平安中证畜牧养殖ETF(516760), 国泰中证畜牧养殖ETF(159865), 畜牧ETF(159867)"
930708,"东财有色增强A(011630), 东财有色增强C(011631), 国泰中证有色金属ETF发起联接A(013218), 国泰中证有色金属ETF发起联接C(013219), 财通资管中证有色金属指数发起式A(013437), 财通资管中证有色金属指数发起式C(013438), 华宝中证有色金属ETF发起式联接A(017140), 华宝中证有色金属ETF发起式联接C(017141), 东财有色增强E(020735), 有色金属(159871), 华宝中证有色金属ETF(159876), 国泰中证有色金属ETF(159881)"
930709,易方达中证香港证券投资主题ETF(513090)
930712,"易方达中证物联网主题ETF联接发起式A(019167), 易方达中证物联网主题ETF联接发起式C(019168), 华夏中证物联网主题ETF发起式联接A(019975), 华夏中证物联网主题ETF发起式联接C(019976), 华夏中证物联网主题ETF(516260), 物联网(516330), 招商中证物联网主题ETF(159701), 易方达中证物联网主题ETF(159895), 南方中证物联网主题ETF(159896)"
930713,"华夏中证人工智能主题ETF联接A(008585), 华夏中证人工智能主题ETF联接C(008586), 融通人工智能指数(LOF)C(009239), 西部利得中证人工智能主题指数增强A(011832), 西部利得中证人工智能主题指数增强C(011833), 天弘中证人工智能A(011839), 天弘中证人工智能C(011840), 易方达中证人工智能主题ETF联接A(012733), 易方达中证人工智能主题ETF联接C(012734), 华夏中证人工智能主题ETF联接D(021580), 平安人工智能ETF(512930), 华夏中证人工智能主题ETF(515070), 易方达中证人工智能主题ETF(159819), 融通人工智能指数(LOF)A(161631)"
930716,"物流快递(516530), 富国中证现代物流ETF(516910)"
930719,"汇添富中证精准医疗指数（LOF）A(501005), 汇添富中证精准医疗指数（LOF）C(501006)"
930721,"天弘中证智能汽车A(010955), 天弘中证智能汽车C(010956), 富国中证智能汽车指数（LOF）C(013292), 富国中证智能汽车主题ETF(515250), 智能驾驶(516520), 汇添富中证智能汽车主题ETF(159795), 华夏中证智能汽车主题ETF(159888), 国泰中证智能汽车主题ETF(159889), 富国中证智能汽车指数（LOF）A(161033)"
930723,
930726,"国泰中证生物医药ETF联接A(006756), 国泰中证生物医药ETF联接C(006757), 国泰中证生物医药ETF(512290)"
930740,"嘉实沪深300红利低波动ETF联接A(007605), 嘉实沪深300红利低波动ETF联接C(007606), 嘉实沪深300红利低波动ETF(515300)"
930743,"华夏中证生物科技主题ETF发起式联接A(017604), 华夏中证生物科技主题ETF发起式联接C(017605), 易方达中证生物科技主题ETF联接发起式A(019324), 易方达中证生物科技主题ETF联接发起式C(019325), 汇添富中证生物科技指数（LOF）A(501009), 汇添富中证生物科技指数（LOF）C(501010), 华夏中证生物科技主题ETF(516500), 生物科技ETF基金(516930), 易方达中证生物科技主题ETF(159837), 招商中证生物科技主题ETF(159849)"
930746,
930781,"国泰中证影视主题ETF(516620), 影视ETF(159855)"
930782,"景顺长城中证500行业中性低波动指数A(003318), 景顺长城中证500行业中性低波动指数C(019359), 华安中证500低波ETF(512260)"
930791,"富国中证医药主题指数增强型（LOF）C(005626), 天弘中证医药指数增强A(012401), 天弘中证医药指数增强C(012402), 富国中证医药主题指数增强型（LOF）A(161035)"
930792,"泰康香港银行指数A(006809), 泰康香港银行指数C(006810), 鹏华香港银行指数C（LOF）(010365), 鹏华香港银行指数A（LOF）(501025)"
930794,"天弘中证中美互联网A(009225), 天弘中证中美互联网C(009226)"
930820,"富国中证高端制造指数增强型（LOF）C(005627), 富国中证高端制造指数增强型（LOF）A(161037)"
930821,VRETF(159786)
930838,
930839,"民生加银港股通高股息A(004532), 民生加银中证港股通指数C(004533), 港股红利ETF(159691)"
930846,
930850,"华宝中证智能制造主题ETF发起式联接A(013447), 华宝中证智能制造主题ETF发起式联接C(013448), 华宝中证智能制造主题ETF(516800)"
930851,"东财云计算指数增强A(012321), 东财云计算指数增强C(012322), 融通中证云计算与大数据主题指数（LOF）C(014130), 易方达中证云计算与大数据主题ETF联接发起式A(017853), 易方达中证云计算与大数据主题ETF联接发起式C(017854), 华夏中证云计算与大数据主题ETF发起式联接A(019868), 华夏中证云计算与大数据主题ETF发起式联接C(019869), 鹏华中证云计算与大数据主题ETF发起式联接A(021090), 广发中证云计算与大数据ETF发起式联接A(021397), 广发中证云计算与大数据ETF发起式联接C(021398), 融通中证云计算与大数据主题指数（LOF）A(161628), 易方达中证云计算与大数据主题ETF(516510), 华夏中证云计算与大数据主题ETF(516630), 广发中证云计算与大数据ETF(159527), 大数据ETF(159739), 招商中证云计算ETF(159890)"
930875,"鹏华空天军工指数C（LOF）(010364), 鹏华空天军工指数A（LOF）(160643)"
930901,"国泰中证动漫游戏ETF联接A(012728), 国泰中证动漫游戏ETF联接C(012729), 华夏中证动漫游戏ETF发起式联接A(012768), 华夏中证动漫游戏ETF发起式联接C(012769), 国泰中证动漫游戏ETF(516010), 游戏动漫(516770), 华夏中证动漫游戏ETF(159869)"
930902,"富国中证大数据产业ETF发起式联接A(018134), 富国中证大数据产业ETF发起式联接C(018135), 华夏中证大数据产业ETF发起式联接A(020335), 华夏中证大数据产业ETF发起式联接C(020336), 富国中证大数据产业ETF(515400), 华夏中证大数据产业ETF(516000), 华宝大数据ETF(516700)"
930914,"华泰柏瑞中证港股通高股息投资ETF发起式联接A(018387), 华泰柏瑞中证港股通高股息投资ETF发起式联接C(018388), 汇添富中证港股通高股息投资ETF联接（LOF）A(501305), 汇添富中证港股通高股息投资ETF联接（LOF）C(501306), 港股红利(513530), 汇添富中证港股通高股息投资ETF(513820), 国泰中证港股通高股息投资ETF(159331)"
930931,"港股通50ETF联接A(012151), 港股通50ETF联接C(012152), 国泰中证港股通50ETF发起联接A(014689), 国泰中证港股通50ETF发起联接C(014690), 华夏中证港股通50ETF发起式联接A(018721), 华夏中证港股通50ETF发起式联接C(018722), 港股通50(513550), 华夏中证港股通50ETF(159711), 国泰中证港股通50ETF(159712)"
930938,
930939,"鹏扬中证500质量成长ETF联接A(007593), 鹏扬中证500质量成长ETF联接C(007594), 易方达中证500质量成长ETF联接发起式A(019320), 易方达中证500质量成长ETF联接发起式C(019321), 鹏扬中证500质量成长ETF(560500), 500成长(562340), 易方达中证500质量成长ETF(159606)"
930955,"天弘中证红利低波动100ETF联接A(008114), 天弘中证红利低波动100ETF联接C(008115), 景顺长城中证红利低波动100ETF联接A(016128), 景顺长城中证红利低波动100ETF联接C(016129), 博时中证红利低波动100指数发起式A(019853), 博时中证红利低波动100指数发起式C(019854), 交银中证红利低波动100指数A(020156), 交银中证红利低波动100指数C(020157), 招商中证红利低波动100指数发起式A(020672), 招商中证红利低波动100指数发起式C(020673), 中欧中证红利低波动100指数发起A(021375), 中欧中证红利低波动100指数发起C(021376), 银河中证红利低波动100指数A(021388), 银河中证红利低波动100指数C(021389), 博时中证红利低波动100ETF联接A(021550), 博时中证红利低波动100ETF联接C(021551), 景顺长城中证红利低波动100ETF(515100), 大成中证红利低波动100ETF(560520), 博时中证红利低波100ETF(159307), 天弘中证红利低波动100ETF(159549)"
930965,"易方达中证港股通医药卫生综合ETF联接发起式A(018557), 易方达中证港股通医药卫生综合ETF联接发起式C(018558), 平安中证港股医药ETF联接A(019598), 平安中证港股医药ETF联接C(019599), 鹏华中证港股通医药卫生ETF发起式联接A(021088), 鹏华中证港股通医药卫生ETF发起式联接C(021089), 易方达中证港股通医药卫生综合ETF(513200), 香港医药(513700), 平安中证港股医药ETF(159718), 港股通医药ETF(159776)"
930986,"华宝中证金融科技主题ETF发起式联接A(013477), 华宝中证金融科技主题ETF发起式联接C(013478), 华夏中证金融科技主题ETF(516100), 博时金融科技ETF(516860), 华宝中证金融科技主题ETF(159851)"
930997,"平安中证新能车ETF联接A(012698), 平安中证新能源汽车ETF发起联接C(012699), 汇添富中证新能源汽车产业指数（LOF）A(501057), 汇添富中证新能源汽车产业指数（LOF）C(501058), 平安中证新能源汽车产业ETF(515700), 汇添富中证新能源汽车产业ETF(516390)"
931008,"广发中证全指汽车指数A(004854), 广发中证全指汽车指数C(004855), 南方中证全指汽车指数发起A(021770), 广发中证全指汽车ETF(159512)"
931009,"广发中证全指建筑材料指数A(004856), 广发中证全指建筑材料指数C(004857), 国泰中证全指建筑材料ETF发起联接A(013019), 国泰中证全指建筑材料ETF发起联接C(013020), 富国中证全指建筑材料ETF(516750), 国泰中证全指建筑材料ETF(159745), 易方达中证全指建筑材料ETF(159787)"
931052,"富国中证价值ETF联接A(006748), 富国中证价值ETF联接C(007191), 富国中证价值ETF(512040)"
931066,富国中证军工龙头ETF(512710)
931068,"华宝消费龙头C(009329), 招商中证消费龙头指数增强A(011853), 招商中证消费龙头指数增强C(011854), 消费龙头LOF(501090), 华宝消费龙头ETF(516130), 消费龙头ETF(159520)"
931071,"华富人工智能ETF联接A(008020), 华富人工智能ETF联接C(008021), 华富中证人工智能产业ETF(515980)"
931079,"华夏中证5G通信主题ETF联接A(008086), 华夏中证5G通信主题ETF联接C(008087), 银华中证5G通信主题ETF联接A(008889), 银华中证5G通信主题ETF联接C(010524), 华夏中证5G通信主题ETF(515050), 5GETF(159994)"
931087,"华宝科技ETF联接A(007873), 华宝科技ETF联接C(007874), 工银科技龙头ETF发起式联接A(012882), 工银科技龙头ETF发起式联接C(012883), 华宝中证科技龙头ETF(515000), 科技龙头ETF(516050)"
931139,"富国中证消费50ETF联接A(008975), 富国中证消费50ETF联接C(008976), 东兴中证消费50A(009116), 东兴中证消费50C(009117), 富国中证消费50ETF(515650), 国联安消费50ETF(159670), 易方达中证消费50ETF(159798)"
931140,"富国中证医药50ETF联接A(012801), 富国中证医药50ETF联接C(012802), 华泰紫金中证医药50指数发起A(015497), 华泰紫金中证医药50指数发起C(015498), 富国中证医药50ETF(515950), 博时医药50ETF(159838)"
931142,"东方红中证竞争力指数A(007657), 东方红中证竞争力指数C(007658)"
931144,"东财通信A(008326), 东财通信C(008327)"
931151,"天弘中证光伏A(011102), 天弘中证光伏C(011103), 招商中证光伏产业指数A(011966), 招商中证光伏产业指数C(011967), 广发中证光伏产业指数A(012364), 广发中证光伏产业指数C(012365), 华泰柏瑞光伏ETF联接A(012679), 华泰柏瑞光伏ETF联接C(012680), 平安中证光伏产业指数A(012722), 平安中证光伏产业指数C(012723), 华夏中证光伏产业指数发起式A(012885), 华夏中证光伏产业指数发起式C(012886), 银华中证光伏产业ETF发起式联接A(012928), 银华中证光伏产业ETF发起式联接C(012929), 华安中证光伏产业ETF发起式联接A(013105), 华安中证光伏产业ETF发起式联接C(013106), 国泰中证光伏产业ETF发起联接A(013601), 国泰中证光伏产业ETF发起联接C(013602), 汇添富中证光伏产业指数增强发起式A(013816), 汇添富中证光伏产业指数增强发起式C(013817), 嘉实中证光伏产业指数发起式A(014604), 嘉实中证光伏产业指数发起式C(014605), 博时中证光伏产业指数A(015993), 博时中证光伏产业指数C(015994), 浦银安盛中证光伏产业ETF联接A(017116), 浦银安盛中证光伏产业ETF联接C(017117), 易方达中证光伏产业指数发起式A(017646), 易方达中证光伏产业指数发起式C(017647), 东财中证光伏指数发起式A(018502), 东财中证光伏指数发起式C(018503), 南方中证光伏产业指数发起A(019531), 南方中证光伏产业指数发起C(019532), 鹏华中证光伏产业ETF发起式联接(021084), 光伏ETF(515790), 平安中证光伏产业ETF(516180), 汇添富中证光伏产业ETF(516290), 光伏50(516880), 浦银安盛中证光伏产业ETF(159609), 华安中证光伏产业ETF(159618), 天弘中证光伏产业ETF(159857), 光伏产业(159863), 国泰中证光伏产业ETF(159864)"
931152,"广发创新药ETF联接A(012737), 广发创新药ETF联接C(012738), 银华中证创新药产业ETF发起式联接A(012781), 银华中证创新药产业ETF发起式联接C(012782), 工银中证创新药产业ETF发起式联接A(013011), 工银中证创新药产业ETF发起式联接C(013012), 易方达中证创新药产业ETF联接发起式A(019666), 易方达中证创新药产业ETF联接发起式C(019667), 南方中证创新药产业ETF发起联接A(021097), 南方中证创新药产业ETF发起联接C(021098), 广发创新药ETF(515120), 创新药产业ETF(516060), 易方达中证创新药产业ETF(516080), 摩根中证创新药产业ETF(560900), 建信中证创新药产业ETF(159835), 南方中证创新药产业ETF(159858), 创新药(159992)"
931155,
931159,"诺德研发创新100(007737), 申万菱信中证研发创新100交易型开放式指数联接A(007983), 申万菱信中证研发创新100交易型开放式指数联接C(007984), 申万菱信中证研发创新100交易型开放式指数(515200), 创新ETF(159987)"
931160,"国泰中证全指通信设备ETF联接A(007817), 国泰中证全指通信设备ETF联接C(007818), 博时中证全指通信设备指数发起式A(020691), 博时中证全指通信设备指数发起式C(020692), 天弘中证全指通信设备指数发起A(020899), 天弘中证全指通信设备指数发起C(020900), 国泰中证全指通信设备ETF(515880)"
931165,"嘉实新兴科技100ETF联接A(007815), 嘉实新兴科技100ETF联接C(007816), 嘉实新兴科技100ETF(515860)"
931166,"嘉实中证医药健康100策略ETF联接A(008154), 嘉实中证医药健康100策略ETF联接C(008155), 嘉实医药健康100ETF(515960)"
931167,
931186,"富国中证科技50策略ETF联接A(008749), 富国中证科技50策略ETF联接C(008750), 富国中证科技50策略ETF(515750)"
931187,"华泰柏瑞中证科技100ETF联接A(008399), 华泰柏瑞中证科技100ETF联接C(008400), 天弘中证科技100指数增强A(010202), 天弘中证科技100指数增强C(010203), 华泰柏瑞中证科技100ETF(515580), 南方中证科技100ETF(159853)"
931235,"易方达中证电信主题ETF联接发起式A(019141), 易方达中证电信主题ETF联接发起式C(019142), 汇添富中证电信主题ETF发起式联接A(020632), 汇添富中证电信主题ETF发起式联接C(020633), 汇添富中证电信主题ETF(560300), 电信ETF基金(560690), 易方达中证电信主题ETF(563010)"
931247,"博时中证信息技术应用创新产业指数发起式A(021314), 博时中证信息技术应用创新产业指数发起式C(021315), 汇添富中证信息技术应用创新产业ETF发起式联接A(021602), 汇添富中证信息技术应用创新产业ETF(560850), 华宝中证信息技术应用创新产业ETF(562030), 华夏中证信息技术应用创新产业ETF(562570)"
931357,"中金中证沪港深优选消费50A(008519), 中金中证沪港深优选消费50C(008520)"
931373,
931375,"鹏扬沪深300质量低波A(011132), 鹏扬沪深300质量低波C(011133)"
931380,"易方达中证科技50联接A(012717), 易方达中证科技50联接C(012718), 易方达中证科技50ETF(159807)"
931395,"国寿安保沪港深300ETF联接A(012663), 国寿安保沪港深300ETF联接C(012664), 易方达中证沪港深300ETF联接发起式A(020102), 易方达中证沪港深300ETF联接发起式C(020103), 易方达中证沪港深300ETF(517030), 国寿安保中证沪港深300ETF(517300)"
931402,华富中证证券公司先锋策略ETF(516980)
931403,"农银中证新华社民族品牌指数(012394), 富国中证新华社民族品牌工程ETF联接A(014406), 富国中证新华社民族品牌工程ETF联接C(014407), 富国中证新华社民族品牌工程ETF(561130)"
931404,品牌消费(517880)
931406,"博时5G50ETF联接A(012655), 博时5G50ETF联接C(012658), 博时5G50ETF(159811)"
931409,"国泰中证沪港深创新药产业ETF发起联接A(014117), 国泰中证沪港深创新药产业ETF发起联接C(014118), 东财中证沪港深创新药指数发起式A(014128), 东财中证沪港深创新药指数发起式C(014129), 天弘恒生沪深港创新药精选50ETF发起联接A(014564), 天弘恒生沪深港创新药精选50ETF发起联接C(014565), 富国中证沪港深创新药产业ETF发起式联接A(019897), 富国中证沪港深创新药产业ETF发起式联接C(019898), 国泰中证沪港深创新药产业ETF(517110), 创新药50(517120), 创新药ETF沪港深(159622), 富国中证沪港深创新药产业ETF(159748)"
931446,"东方红中证东方红红利低波动指数A(012708), 东方红中证东方红红利低波动指数C(012709)"
931456,博时全球中国教育（QDII-ETF）(513360)
931461,"华宝电子ETF联接A(012550), 华宝电子ETF联接C(012551), 华安中证电子50ETF发起式联接A(014632), 华安中证电子50ETF发起式联接C(014633), 华宝中证电子50ETF(515260), 华安中证电子50ETF(515320)"
931468,"华夏中证红利质量ETF发起式联接A(016440), 华夏中证红利质量ETF发起式联接C(016441), 华夏中证红利质量ETF(159758)"
931476,"英大中证ESG120策略指数A(012854), 英大中证ESG120策略指数C(012855), 浦银安盛中证ESG 120策略ETF(516720)"
931480,线上消费ETF(159725)
931481,"天弘中证沪港深线上消费主题ETF(517280), 平安中证沪港深线上消费主题ETF(159793)"
931484,"平安中证医药及医疗器械创新指数发起式A(013873), 平安中证医药及医疗器械创新指数发起式C(013874), 平安中证医疗创新ETF(516820), 方正富邦中证医药及医疗器械创新ETF(560600)"
931494,"国泰中证消费电子主题ETF发起联接A(014906), 国泰中证消费电子主题ETF发起联接C(014907), 富国中证消费电子主题ETF发起式联接A(015876), 富国中证消费电子主题ETF发起式联接C(015877), 平安中证消费电子主题ETF发起式联接A(015894), 平安中证消费电子主题ETF发起式联接C(015895), 招商中证消费电子主题ETF联接A(016007), 招商中证消费电子主题ETF联接C(016008), 易方达中证消费电子主题ETF联接发起式A(018896), 易方达中证消费电子主题ETF联接发起式C(018897), 富国中证消费电子主题ETF(561100), 国泰中证消费电子主题ETF(561310), 平安中证消费电子主题ETF(561600), 易方达中证消费电子主题ETF(562950), 景顺长城中证消费电子ETF(159733), 消费电子龙头ETF(159769), 招商中证消费电子主题ETF(159779)"
931521,"嘉实中证高端装备细分50ETF发起联接A(018027), 嘉实中证高端装备细分50ETF发起联接C(018028), 嘉实中证高端装备细分50ETF(159638)"
931524,"天弘中证沪港深科技龙头指数A(012559), 天弘中证沪港深科技龙头指数C(012560), 鹏华中证沪港深科技龙头指数(LOF)C(012809), 汇添富中证沪港深科技龙头指数发起式A(013093), 汇添富中证沪港深科技龙头指数发起式C(013094), 广发中证沪港深科技龙头ETF联接A(013162), 广发中证沪港深科技龙头ETF联接C(013163), 宝盈中证沪港深科技龙头指数发起式A(015820), 宝盈中证沪港深科技龙头指数发起式C(015821), 鹏华中证沪港深科技龙头指数(LOF)A(160646), 浦银安盛中证沪港深科技龙头ETF(517270), 广发中证沪港深科技龙头ETF(517350), 汇添富中证沪港深科技龙头ETF(159723)"
931526,"核心50ETF(560650), 漂亮50(561500)"
931573,"国泰中证港股通科技ETF发起联接A(015739), 国泰中证港股通科技ETF发起联接C(015740), 景顺长城中证港股通科技ETF联接A(016495), 景顺长城中证港股通科技ETF联接C(016496), 鹏华中证港股通科技ETF发起式联接A(021294), 鹏华中证港股通科技ETF发起式联接C(021295), 海富通中证港股通科技ETF发起联接A(021464), 海富通中证港股通科技ETF发起联接C(021465), 国泰中证港股通科技ETF(513020), 港科技50(513150), 兴银中证港股通科技ETF(513560), 海富通中证港股通科技ETF(513860), 景顺长城中证港股通科技ETF(513980), 港股科技ETF(159751)"
931574,"招商中证香港科技ETF发起式联接（QDII）A(021633), 招商中证香港科技ETF发起式联接（QDII）C(021634), 南方中证香港科技ETF（QDII）(159747), 招商中证香港科技ETF（QDII）(159750)"
931582,"鹏扬中证数字经济主题ETF发起式联接A(015787), 鹏扬中证数字经济主题ETF发起式联接C(015788), 华安中证数字经济主题ETF发起式联接A(018031), 华安中证数字经济主题ETF发起式联接C(018032), 鹏扬中证数字经济主题ETF(560800), 华安中证数字经济主题ETF(159658)"
931587,"华夏中证智选500价值稳健策略ETF发起式联接A(019001), 华夏中证智选500价值稳健策略ETF发起式联接C(019002), 华夏中证智选500价值稳健策略ETF(159617)"
931588,"华夏中证智选1000价值稳健策略ETF发起式联接A(018732), 华夏中证智选1000价值稳健策略ETF发起式联接C(018733), 华夏中证智选1000价值稳健策略ETF(562530)"
931590,"华夏中证智选500成长创新策略ETF发起式联接A(021072), 华夏中证智选500成长创新策略ETF发起式联接C(021073), 华夏中证智选500成长创新策略ETF(159620)"
931591,"华夏中证智选1000成长创新策略ETF发起式联接A(018334), 华夏中证智选1000成长创新策略ETF发起式联接C(018335), 华夏中证智选1000成长创新策略ETF(562520)"
931637,"富国中证港股通互联网ETF发起式联接A(014673), 富国中证港股通互联网ETF发起式联接C(014674), 华宝中证港股通互联网ETF发起式联接A(017125), 华宝中证港股通互联网ETF发起式联接C(017126), 易方达中证港股通互联网ETF联接发起式A(019313), 易方达中证港股通互联网ETF联接发起式C(019314), 广发中证港股通互联网指数发起式A(021092), 广发中证港股通互联网指数发起式C(021093), 兴业中证港股通互联网指数发起式A(021377), 兴业中证港股通互联网指数发起式C(021378), 易方达中证港股通互联网ETF(513040), 华宝中证港股通互联网ETF(513770), 博时港股通互联网ETF(159568), 富国中证港股通互联网ETF(159792)"
931643,"天弘中证科创创业50ETF联接A(012894), 天弘中证科创创业50ETF联接C(012895), 兴银中证科创创业50指数A(012898), 兴银中证科创创业50指数C(012899), 鹏扬中证科创创业50ETF联接A(012907), 鹏扬中证科创创业50ETF联接C(012908), 南方中证科创创业50ETF联接A(013298), 南方中证科创创业50ETF联接C(013299), 招商中证科创创业50ETF联接A(013302), 招商中证科创创业50ETF联接C(013303), 易方达中证科创创业50联接A(013304), 易方达中证科创创业50联接C(013305), 国泰中证科创创业50ETF发起联接A(013306), 国泰中证科创创业50ETF发起联接C(013307), 华夏科创创业50ETF发起式联接A(013310), 华夏科创创业50ETF发起式联接C(013311), 富国中证科创创业50ETF联接A(013313), 富国中证科创创业50ETF联接C(013314), 嘉实中证科创创业50ETF发起联接A(013315), 嘉实中证科创创业50ETF发起联接C(013316), 华宝中证科创创业50ETF发起式联接A(013317), 华宝中证科创创业50ETF发起式联接C(013318), 博时中证科创创业50ETF发起式联接A(014099), 博时中证科创创业50ETF发起式联接C(014100), 汇添富中证科创创业50指数增强发起式A(014218), 汇添富中证科创创业50指数增强发起式C(014219), 兴银中证科创创业50指数E(016010), 华富中证科创创业50指数增强A(016122), 华富中证科创创业50指数增强C(016123), 易米中证科创创业50指数增强发起A(016392), 易米中证科创创业50指数增强发起C(016393), 长信中证科创创业50指数增强A(016729), 长信中证科创创业50指数增强C(016730), 创金合信中证科创创业50指数增强A(017412), 创金合信中证科创创业50指数增强C(017413), 泰康中证科创创业50指数A(017495), 泰康中证科创创业50指数C(017496), 招商中证科创创业50ETF(588300), 方正富邦科创创业50ETF(588310), 广发中证科创创业50增强策略ETF(588320), 华宝双创龙头ETF(588330), 鹏扬中证科创创业50ETF(588350), 国泰中证科创创业50ETF(588360), 富国中证科创创业50ETF(588380), 博时中证科创创业50ETF(588390), 嘉实中证科创创业50ETF(588400), 天弘中证科创创业50ETF(159603), 南方中证科创创业50ETF(159780), 易方达中证科创创业50ETF(159781), 双创50(159782), 华夏中证科创创业50ETF(159783)"
931663,"汇添富中证沪港深消费龙头指数发起A(013129), 汇添富中证沪港深消费龙头指数发起C(013130), 招商中证沪港深消费龙头ETF(517550), 浦银安盛中证沪港深消费龙头ETF(517760)"
931672,
931719,"汇添富中证电池主题ETF发起式联接A(012862), 汇添富中证电池主题ETF发起式联接C(012863), 汇添富中证电池主题ETF发起式联接D(015808), 大成中证电池主题指数发起式A(015997), 大成中证电池主题指数发起式C(015998), 招商中证电池主题ETF联接A(016019), 招商中证电池主题ETF联接C(016020), 嘉实中证电池主题ETF发起联接A(016566), 嘉实中证电池主题ETF发起联接C(016567), 富国中证电池主题ETF发起式联接A(017222), 富国中证电池主题ETF发起式联接C(017223), 南方中证电池主题指数发起A(018926), 南方中证电池主题指数发起C(018927), 富国中证电池主题ETF(561160), 招商中证电池主题ETF(561910), 嘉实中证电池主题ETF(562880), 汇添富中证电池主题ETF(159796)"
931746,
931747,
931755,"华安中证上海环交所碳中和指数发起式A(016763), 华安中证上海环交所碳中和指数发起式C(016764), 招商中证上海环交所碳中和ETF发起式联接A(016879), 招商中证上海环交所碳中和ETF发起式联接C(016880), 富国中证上海环交所碳中和ETF联接A(016887), 富国中证上海环交所碳中和ETF联接C(016888), 广发中证上海环交所碳中和ETF发起式联接A(016897), 广发中证上海环交所碳中和ETF发起式联接C(016898), 易方达中证上海环交所碳中和ETF联接A(016899), 易方达中证上海环交所碳中和ETF联接C(016900), 南方中证上海环交所碳中和ETF联接A(016917), 南方中证上海环交所碳中和ETF联接C(016918), 汇添富中证上海环交所碳中和ETF发起式联接A(017907), 汇添富中证上海环交所碳中和ETF发起式联接C(017908), 汇添富中证上海环交所碳中和ETF(560060), 广发中证上海环交所碳中和ETF(560550), 富国中证上海环交所碳中和ETF(561190), 易方达中证上海环交所碳中和ETF(562990), 南方中证上海环交所碳中和ETF(159639), 碳中和龙头ETF(159640), 招商中证上海环交所碳中和ETF(159641), 大成中证上海环交所碳中和ETF(159642)"
931775,"南方中证房地产ETF发起联接A(004642), 南方中证房地产ETF发起联接C(004643), 华夏中证全指房地产ETF联接A(008088), 华夏中证全指房地产ETF联接C(008089), 南方中证房地产ETF发起联接E(010989), 南方中证全指房地产ETF(512200), 华夏中证全指房地产ETF(515060)"
931787,"广发中证香港创新药ETF发起式联接（QDII）A(019670), 广发中证香港创新药ETF发起式联接（QDII）C(019671), 广发中证香港创新药（QDII-ETF）(513120)"
931798,广发中证光伏龙头30ETF(560980)
931802,"易方达中证龙头企业指数A(012756), 易方达中证龙头企业指数C(012757)"
931829,
931845,
931865,"嘉实中证半导体指数增强发起式A(014854), 嘉实中证半导体指数增强发起式C(014855), 招商中证半导体产业ETF发起式联接A(020464), 招商中证半导体产业ETF发起式联接C(020465), 南方中证半导体产业指数发起A(020839), 南方中证半导体产业指数发起C(020840), 华泰紫金中证半导体产业指数型发起 A(021718), 华泰紫金中证半导体产业指数型发起 C(021719), 招商中证半导体产业ETF(561980), 博时中证半导体产业ETF(159582)"
931866,"国泰中证机床ETF发起联接A(017471), 国泰中证机床ETF发起联接C(017472), 华夏中证机床ETF发起式联接A(017573), 华夏中证机床ETF发起式联接C(017574), 华夏中证机床ETF(159663), 国泰中证机床ETF(159667)"
932000,"华泰柏瑞中证2000ETF发起式联接A(019870), 华泰柏瑞中证2000ETF发起式联接C(019871), 华夏中证2000ETF发起式联接A(019891), 华夏中证2000ETF发起式联接C(019892), 招商中证2000指数增强A(019918), 招商中证2000指数增强C(019919), 华泰柏瑞中证2000指数增强A(019923), 华泰柏瑞中证2000指数增强C(019924), 广发中证2000ETF(560220), 国泰中证2000ETF(561370), 华夏中证2000ETF(562660), 富国中证2000ETF(563200), 中证2000(563300), 南方中证2000ETF(159531), 易方达中证2000ETF(159532), 博时中证2000ETF(159533), 嘉实中证2000ETF(159535), 汇添富中证2000ETF(159536), 招商中证2000增强策略ETF(159552), 海富通中证2000增强策略ETF(159553), 2000增强ETF(159555), 平安中证2000增强策略ETF(159556)"
932039,"汇添富中证国新央企股东回报ETF联接A(019365), 汇添富中证国新央企股东回报ETF联接C(019366), 广发中证国新央企股东回报ETF发起式联接A(019428), 广发中证国新央企股东回报ETF发起式联接C(019429), 招商中证国新央企股东回报ETF发起式联接A(019544), 招商中证国新央企股东回报ETF发起式联接C(019545), 汇添富中证国新央企股东回报ETF(560070), 广发中证国新央企股东回报ETF(560700), 招商中证国新央企股东回报ETF(561960)"
950090,"华夏上证50AH优选指数C(006395), 华夏上证50AH优选指数（LOF）A(501050)"
950096,"汇添富中证上海国企ETF联接A(003194), 汇添富中证上海国企ETF联接C(018061), 中证上海国企ETF(510810)"
990001,"国泰CES半导体芯片行业ETF联接A(008281), 国泰CES半导体芯片行业ETF联接C(008282), 华安CES半导体芯片行业指数发起A(012837), 华安CES半导体芯片行业指数发起C(012838), 西部利得CES芯片指数增强A(014418), 西部利得CES芯片指数增强C(014419), 国泰CES半导体芯片行业ETF(512760)"
H11052,"华宝中证智能电动汽车ETF发起式联接A(013475), 华宝中证智能电动汽车ETF发起式联接C(013476), 华宝智能电动汽车ETF(516380), 易方达中证智能电动汽车ETF(516590), 浦银安盛中证智能电动汽车ETF(560000), 建信中证智能电动汽车ETF(159710), 智能车TK(159720)"
H11136,"交银中证海外中国互联网指数(LOF)C(013945), 交银中证海外中国互联网指数(LOF)A(164906)"
H30007,"天弘中证芯片产业ETF发起联接A(012552), 天弘中证芯片产业ETF发起联接C(012553), 东财中证芯片ETF发起式联接A(013445), 东财中证芯片ETF发起式联接C(013446), 汇添富中证芯片产业指数增强发起式A(014193), 汇添富中证芯片产业指数增强发起式C(014194), 富国中证芯片产业ETF发起式联接A(014776), 富国中证芯片产业ETF发起式联接C(014777), 嘉实中证芯片产业指数发起式A(015336), 嘉实中证芯片产业指数发起式C(015337), 易方达中证芯片产业ETF联接发起式A(018411), 易方达中证芯片产业ETF联接发起式C(018412), 中欧中证芯片产业指数发起A(020478), 中欧中证芯片产业指数发起C(020483), 汇添富中证芯片产业ETF发起式联接A(020630), 汇添富中证芯片产业ETF发起式联接C(020631), 大成中证芯片产业指数发起式A(020853), 大成中证芯片产业指数发起式C(020854), 东财中证芯片ETF发起式联接E(021344), 易方达中证芯片产业ETF(516350), 富国中证芯片产业ETF(516640), 汇添富中证芯片产业ETF(516920), 天弘中证芯片产业ETF(159310), 景顺长城中证芯片产业ETF(159560), 芯片ETF基金(159599)"
H30015,"国泰中证800汽车与零部件ETF发起联接A(012973), 国泰中证800汽车与零部件ETF发起联接C(012974), 国泰中证800汽车与零部件ETF发起联接E(021689), 国泰中证800汽车与零部件ETF(516110)"
H30035,"易方达沪深300非银联接A(000950), 易方达沪深300非银联接C(007882), 易方达沪深300非银ETF(512070)"
H30089,"建信中证红利潜力指数A(007671), 建信中证红利潜力指数C(007672), 山西证券中证红利潜力ETF联接  (008149), 山西证券中证红利潜力ETF(515570)"
H30094,"宏利消费红利指数A(008928), 宏利消费红利指数C(008929), 方正富邦消费红利指数增强（LOF）(501089)"
H30178,"南方中证全指医疗保健设备与服务ETF发起联接A(019452), 南方中证全指医疗保健设备与服务ETF发起联接C(019453), 中欧中证全指医疗保健设备与服务指数发起A(021714), 中欧中证全指医疗保健设备与服务指数发起C(021715), 医服ETF(516610), 保健ETF(516790), 天弘中证全指医疗保健设备与服务ETF(159873), 南方中证全指医疗保健设备与服务ETF(159877), 建信中证全指医疗保健设备与服务ETF(159891)"
H30184,"国联安中证全指半导体产品与设备ETF联接A(007300), 国联安中证全指半导体产品与设备ETF联接C(007301), 国联安半导体ETF(512480)"
H30199,"广发中证全指电力ETF发起式联接A(016185), 广发中证全指电力ETF发起式联接C(016186), 博时中证全指电力ETF发起式联接A(017481), 博时中证全指电力ETF发起式联接C(017482), 华泰柏瑞中证全指电力ETF发起式联接A(018172), 华泰柏瑞中证全指电力ETF发起式联接C(018173), 南方中证全指电力公用事业ETF发起联接A(021752), 南方中证全指电力公用事业ETF发起联接C(021753), 南方中证全指电力公用事业ETF(560580), 电力ETF(561560), 博时中证全指电力公用事业ETF(561700), 电力(562350), 广发中证全指电力ETF(159611)"
H30202,"国泰中证全指软件ETF联接A(012636), 国泰中证全指软件ETF联接C(012637), 招商中证全指软件ETF发起式联接A(018385), 招商中证全指软件ETF发起式联接C(018386), 华泰紫金中证全指软件指数型发起 A(021614), 华泰紫金中证全指软件指数型发起 C(021615), 国泰中证全指软件ETF联接E(021672), 国泰中证全指软件ETF(515230), 招商中证全指软件ETF(159899)"
H30217,"永赢中证全指医疗器械ETF发起联接A(013415), 永赢中证全指医疗器械ETF发起联接C(013416), 汇添富中证全指医疗器械ETF发起式联接A(017632), 汇添富中证全指医疗器械ETF发起式联接D(017634), 招商中证全指医疗器械ETF发起式联接A(018395), 招商中证全指医疗器械ETF发起式联接C(018396), 华夏中证全指医疗器械ETF发起式联接A(021250), 华夏中证全指医疗器械ETF发起式联接C(021251), 华夏中证全指医疗器械ETF(562600), 汇添富中证全指医疗器械ETF(159797), 医疗器械ETF(159883), 招商中证全指医疗器械ETF(159898)"
H30269,"创金合信中证红利低波动指数A(005561), 创金合信中证红利低波动指数C(005562), 华泰柏瑞中证红利低波ETF联接A(007466), 华泰柏瑞中证红利低波ETF联接C(007467), 华安中证红利低波动指数发起式A(019911), 华安中证红利低波动指数发起式C(019912), 易方达中证红利低波动ETF联接发起式A(020602), 易方达中证红利低波动ETF联接发起式C(020603), 华夏中证红利低波动ETF发起式联接A(021482), 华夏中证红利低波动ETF发起式联接C(021483), 红利低波(512890), 红利TK(560150), 易方达中证红利低波动ETF(563020), 富国中证红利低波动ETF(159525), 华夏中证红利低波动ETF(159547)"
H30455,"富国中证沪港深500ETF联接A(012275), 富国中证沪港深500ETF联接C(012276), 华夏中证沪港深500ETF发起式联接A(017557), 华夏中证沪港深500ETF发起式联接C(017558), 易方达中证沪港深500ETF联接发起式A(020113), 易方达中证沪港深500ETF联接发起式C(020114), 沪港深(517000), 易方达中证沪港深500ETF(517010), 汇添富中证沪港深500ETF(517080), 富国中证沪港深500ETF(517100), 华夏中证沪港深500ETF(517170)"
H30533,"易方达中证海外中国互联网50ETF联接（QDII）A(006327), 易方达中证海外中国互联网50ETF联接（QDII）C(006328), 易方达中证海外中国互联网50（QDII-ETF）(513050)"
H30588,"天弘中证证券保险A(001552), 天弘中证证券保险C(001553)"
H30590,"天弘中证机器人ETF发起联接A(014880), 天弘中证机器人ETF发起联接C(014881), 博时中证机器人指数发起式A(018094), 博时中证机器人指数发起式C(018095), 华夏中证机器人ETF发起式联接A(018344), 华夏中证机器人ETF发起式联接C(018345), 中欧中证机器人指数发起A(020255), 中欧中证机器人指数发起C(020256), 国泰中证机器人ETF发起联接A(020289), 国泰中证机器人ETF发起联接C(020290), 招商中证机器人指数型发起式A(020481), 招商中证机器人指数型发起式C(020482), 南方中证机器人指数发起A(020607), 南方中证机器人指数发起C(020608), 银河中证机器人指数发起式A(021301), 银河中证机器人指数发起式C(021302), 机器人YH(562360), 华夏中证机器人ETF(562500), 嘉实中证机器人ETF(159526), 国泰中证机器人ETF(159551), 天弘中证机器人ETF(159770)"
H30597,"天弘中证新材料指数A(012561), 天弘中证新材料指数C(012562), 华宝中证新材料ETF发起式联接A(013473), 华宝中证新材料ETF发起式联接C(013474), 华夏中证新材料主题ETF发起式联接A(014431), 华夏中证新材料主题ETF发起式联接C(014432), 国泰中证新材料主题ETF发起联接A(014908), 国泰中证新材料主题ETF发起联接C(014909), 华宝新材料ETF(516360), 国联安新材料ETF(516480), 华夏中证新材料主题ETF(516710), 平安中证新材料主题ETF(516890), 天弘中证新材料主题ETF(159703), 国泰中证新材料主题ETF(159761), 建信中证新材料主题ETF(159763)"
H50040,"平安上证红利低波动指数A(020456), 平安上证红利低波动指数C(020457)"
1000002,
1000003,
1000004,
1000005,
1000007,
1000008,
1000009,
1000010,
1000011,
1000012,
1000014,
000001,"国泰上证综合ETF联接A(011319), 国泰上证综合ETF联接C(011320), 富国上证指数ETF联接C(013286), 汇添富上证综合指数C(018536), 富国上证指数ETF联接A/B(100053), 汇添富上证综合指数A(470007), 上证综指ETF(510210), 国泰上证综合ETF(510760), 汇添富上证综合ETF(510980)"
000009,"南方上证380ETF联接C(007571), 南方上证380ETF联接A(202025), 南方上证380ETF(510290)"
000010,"华安上证180ETF联接C(014979), 华安上证180ETF联接A(040180), 万家180指数(519180), 华安上证180ETF(510180)"
000015,"华泰柏瑞红利ETF联接A(012761), 华泰柏瑞红利ETF联接C(012762), 华泰柏瑞上证红利ETF(510880)"
000016,"华夏上证50ETF联接A(001051), 博时上证50ETF联接A(001237), 天弘上证50ETF联接A(001548), 天弘上证50ETF联接C(001549), 易方达上证50增强C(004746), 华夏上证50ETF联接C(005733), 博时上证50ETF联接C(005737), 建信上证50ETF联接A(005880), 建信上证50ETF联接C(005881), 工银上证50ETF联接A(006220), 工银上证50ETF联接C(006221), 易方达上证50ETF联接发起式A(007379), 易方达上证50ETF联接发起式C(007380), 南方上证50指数增强发起A(008056), 南方上证50指数增强发起C(008057), 东财上证50A(008240), 东财上证50C(008241), 汇添富上证50基本面增强指数A(012157), 汇添富上证50基本面增强指数C(012158), 易方达上证50指数（LOF）C(012875), 建信上证50ETF发起联接E(013444), 华安上证50ETF联接C(014980), 华泰柏瑞上证50指数增强A(016697), 华泰柏瑞上证50指数增强C(016698), 华安上证50ETF联接A(040190), 易方达上证50增强A(110003), 中海上证50指数增强(399001), 长盛上证50指数（LOF）(502040), 易方达上证50指数（LOF）A(502048), 华夏上证50ETF(510050), 易方达上证50ETF(510100), 华安上证50ETF(510190), 申万菱信上证50交易型开放式指数发起式(510600), 万家上证50ETF(510680), 博时上证50ETF(510710), 建信上证50ETF(510800), 工银上证50ETF(510850), 广发上证50ETF(510950), 易方达上证50增强策略ETF(563090)"
000018,"国泰上证180金融ETF联接C(014994), 国泰上证180金融ETF联接A(020021), 国泰上证180金融ETF(510230)"
000021,"交银上证180公司治理ETF联接(519686), 交银上证180公司治理ETF(510010)"
000028,
000029,"华宝上证180价值ETF联接(240016), 上证180价值ETF(510030)"
000036,华夏消费ETF(510630)
000037,华夏医药ETF(510660)
000042,工银上证央企ETF(510060)
000043,"博时上证超大盘ETF联接A(050013), 博时上证超大盘ETF(510020)"
000044,"易方达上证中盘ETF联接C(004743), 易方达上证中盘ETF联接A(110021), 易方达上证中盘ETF(510130)"
000046,
000048,"建信上证社会责任ETF联接(530010), 建信上证社会责任ETF(510090)"
000052,
000056,国企ETF(510270)
000063,
000066,"国联安上证商品ETF联接C(015577), 国联安上证商品ETF联接A(257060), 国联安上证商品ETF(510170)"
000068,"博时上证自然资源ETF联接C(019910), 博时上证自然资源ETF联接A(050024), 博时上证自然资源ETF(510410)"
000069,"招商上证消费80ETF联接C(004407), 招商上证消费80ETF联接A(217017), 招商上证消费80ETF(510150)"
000092,
000151,"国泰上证国有企业红利ETF发起联接A(021701), 国泰上证国有企业红利ETF发起联接C(021702), 国泰上证国有企业红利ETF(510720)"
000171,"华夏战略新兴成指ETF联接A(006909), 华夏战略新兴成指ETF联接C(006910), 华夏战略新兴成指ETF(512770)"
000300,"华夏沪深300ETF联接A(000051), 华泰柏瑞量化增强混合A(000172), 嘉实沪深300指数研究增强A(000176), 景顺长城沪深300指数增强A(000311), 华安沪深300增强A(000312), 华安沪深300增强C(000313), 国泰沪深300指数增强A(000512), 国寿安保沪深300ETF联接A(000613), 前海开源沪深300指数A(000656), 天弘沪深300ETF联接A(000961), 华夏沪深300指数增强A(001015), 华夏沪深300指数增强C(001016), 国泰沪深300指数增强C(002063), 创金合信沪深300增强A(002310), 创金合信沪深300增强C(002315), 博时沪深300指数C(002385), 万家沪深300指数增强A(002670), 万家沪深300指数增强C(002671), 广发沪深300ETF联接C(002987), 中金沪深300A(003015), 宏利沪深300指数C(003548), 中金沪深300C(003579), 华宝沪深300增强A(003876), 汇安沪深300增强A(003884), 汇安沪深300增强C(003885), 安信量化沪深300增强A(003957), 安信量化沪深300增强C(003958), 招商沪深300指数增强A(004190), 招商沪深300指数增强C(004191), 南方沪深300ETF联接C(004342), 海富通沪深300增强C(004512), 海富通沪深300增强A(004513), 富荣沪深300指数增强A(004788), 富荣沪深300指数增强C(004789), 中银沪深300指数增强A(004881), 工银沪深300ETF联接A(005102), 工银沪深300ETF联接C(005103), 平安沪深300指数量化增强A(005113), 平安沪深300指数量化增强C(005114), 长信沪深300指数A(005137), 农银沪深300指数C(005152), 新华沪深300指数增强A(005248), 汇添富沪深300指数增强A(005530), 平安300ETF联接A(005639), 平安300ETF联接C(005640), 华夏沪深300ETF联接C(005658), 财通沪深300指数增强(005850), 国泰沪深300指数C(005867), 鹏华沪深300指数增强A(005870), 天弘沪深300ETF联接C(005918), 广发沪深300指数增强A(006020), 广发沪深300指数增强C(006021), 华泰柏瑞沪深300ETF联接C(006131), 人保沪深300A(006600), 长城久泰沪深300指数C(006912), 工银沪深300指数C(006937), 鹏华沪深300ETF联接(LOF)C(006939), 博道沪深300增强A(007044), 博道沪深300增强C(007045), 大成沪深300指数C(007096), 国投瑞银沪深300指数量化增强A(007143), 国投瑞银沪深300指数量化增强C(007144), 兴全沪深300指数C(007230), 银河沪深300指数增强A(007275), 银河沪深300指数增强C(007276), 易方达沪深300ETF发起式联接C(007339), 华宝沪深300增强C(007404), 长信沪深300指数C(007448), 永赢沪深300A(007538), 永赢沪深300C(007539), 申万菱信沪深300指数增强C(007804), 新华沪深300指数增强C(008184), 中泰沪深300指数增强A(008238), 中泰沪深300指数增强C(008239), 民生加银沪深300ETF联接A(008291), 民生加银沪深300ETF联接C(008292), 国联安沪深300ETF联接A(008390), 国联安沪深300ETF联接C(008391), 天弘沪深300指数增强A(008592), 天弘沪深300指数增强C(008593), 华安沪深300ETF联接A(008776), 华安沪深300ETF联接C(008777), 泰康沪深300ETF联接A(008926), 泰康沪深300ETF联接C(008927), 南方沪深300指数增强A(009059), 南方沪深300指数增强C(009060), 建信沪深300指数增强C(009208), 华泰柏瑞量化增强混合C(010234), 中银沪深300指数增强C(010311), 诺安沪深300增强C(010352), 汇添富沪深300指数增强C(010556), 易方达沪深300精选增强A(010736), 易方达沪深300精选增强C(010737), 汇添富沪深300基本面增强指数型证券投资基金A(010854), 汇添富沪深300基本面增强指数型证券投资基金C(010855), 博时沪深300指数增强A(010872), 博时沪深300指数增强C(010873), 大成沪深300增强发起式A(010908), 大成沪深300增强发起式C(010909), 长江沪深300指数增强A(011545), 长江沪深300指数增强C(011546), 中泰沪深300量化优选增强A(012206), 中泰沪深300量化优选增强C(012207), 同泰沪深300量化增强A(012911), 同泰沪深300量化增强C(012912), 中信保诚沪深300指数（LOF）C(013120), 富国沪深300指数增强C(013291), 浙商沪深300指数增强(LOF)C(014372), 中信建投沪深300指数增强A(015061), 中信建投沪深300指数增强C(015062), 东财沪深300ETF发起式联接A(015278), 东财沪深300ETF发起式联接C(015279), 中欧沪深300指数增强A(015387), 中欧沪深300指数增强C(015388), 前海开源沪深300指数C(015671), 景顺长城沪深300指数增强C(015679), 兴业沪深300ETF发起式联接A(015906), 兴业沪深300ETF发起式联接C(015907), 申万菱信沪深300优选指数增强发起式A(016103), 申万菱信沪深300优选指数增强发起式C(016104), 嘉实沪深300指数研究增强C(016134), 东方沪深300指数增强A(016204), 东方沪深300指数增强C(016205), 鹏华沪深300指数增强C(016690), 华泰紫金沪深300指数增强发起A(016867), 华泰紫金沪深300指数增强发起C(016868), 摩根沪深300指数增强发起式A(017445), 摩根沪深300指数增强发起式C(017446), 国金300指数增强C(017925), 国泰君安沪深300指数增强发起A(018257), 国泰君安沪深300指数增强发起C(018258), 浦银安盛沪深300指数增强C(019210), 中欧沪深300指数增强E(019656), 国泰沪深300指数A(020011), 中信保诚沪深300指数增强A(020160), 中信保诚沪深300指数增强C(020161), 国联安沪深300指数增强A(020220), 国联安沪深300指数增强C(020221), 国富沪深300指数增强C(020352), 长盛沪深300指数C(021494), 人保沪深300C(021635), 国泰沪深300增强策略ETF发起联接A(021847), 博时沪深300指数A(050002), 富国沪深300指数增强A/B(100038), 易方达沪深300ETF发起式联接A(110020), 易方达沪深300量化增强(110030), 嘉实沪深300ETF联接(LOF)C(160724), 宏利沪深300指数A(162213), 建信沪深300指数增强（LOF）A(165310), 浙商沪深300指数增强(LOF)A(166802), 国金300指数增强A(167601), 长城久泰沪深300指数A(200002), 南方沪深300ETF联接A(202015), 广发沪深300ETF联接A(270010), 申万菱信沪深300指数增强A(310318), 诺安沪深300增强A(320014), 国富沪深300指数增强A(450008), 华泰柏瑞沪深300ETF联接A(460300), 工银沪深300指数A(481009), 浦银安盛沪深300指数增强A(519116), 大成沪深300指数A(519300), 农银沪深300指数A(660008), 西部利得沪深300指数A(673100), 西部利得沪深300指数C(673101), 汇添富沪深300指数（LOF）A(501043), 汇添富沪深300指数（LOF）C(501045), 华泰柏瑞沪深300ETF(510300), 易方达沪深300ETF发起式(510310), 华夏沪深300ETF(510330), 工银沪深300ETF(510350), 广发沪深300ETF(510360), 300指数ETF（证券简称：兴业300；扩位证券简称：300指数ETF）(510370), 国寿安保沪深300ETF(510380), 平安沪深300ETF(510390), 博时沪深300ETF(515130), 添富沪深300ETF(515310), 天弘沪深300ETF(515330), 民生加银沪深300ETF(515350), 方正富邦沪深300ETF(515360), 泰康300(515380), 华安沪深300ETF(515390), 国联安沪深300ETF(515660), 华安沪深300增强策略ETF(561000), 国泰沪深300增强策略ETF(561300), 招商沪深300增强策略ETF(561990), 富国沪深300ETF(159300), 鹏华沪深300ETF(159673), 嘉实沪深300ETF(159919), 南方沪深300ETF(159925), 鹏华沪深300ETF联接(LOF)A(160615), 嘉实沪深300ETF联接(LOF)A(160706), 长盛沪深300指数(LOF)A(160807), 银华沪深300指数(161811), 兴全沪深300指数（LOF）A(163407), 建信沪深300指数（LOF）(165309), 中信保诚沪深300指数（LOF）A(165515)"
000510,
000682,"华安上证科创板新一代信息技术ETF发起式联接A(021474), 华安上证科创板新一代信息技术ETF发起式联接C(021475), 嘉实上证科创板新一代信息技术ETF(588100), 华安上证科创板新一代信息技术ETF(588260)"
000685,"嘉实上证科创板芯片ETF发起联接A(017469), 嘉实上证科创板芯片ETF发起联接C(017470), 华安上证科创板芯片ETF发起式联接A(017559), 华安上证科创板芯片ETF发起式联接C(017560), 汇添富上证科创板芯片指数发起A(020628), 汇添富上证科创板芯片指数发起C(020629), 易方达上证科创板芯片指数发起式A(020670), 易方达上证科创板芯片指数发起式C(020671), 华宝上证科创板芯片指数发起A(021224), 南方上证科创板芯片ETF发起联接A(021607), 南方上证科创板芯片ETF发起联接C(021608), 嘉实上证科创板芯片ETF(588200), 华安上证科创板芯片ETF(588290), 南方上证科创板芯片ETF(588890)"
000688,"易方达上证科创50联接A(011608), 易方达上证科创50联接C(011609), 科创板ETF联接A(011610), 科创板ETF联接C(011611), 华夏上证科创板50成份ETF联接A(011612), 华夏上证科创板50成份ETF联接C(011613), 工银科创ETF联接A(011614), 工银科创ETF联接C(011615), 广发科创50ETF发起式联接A(013810), 广发科创50ETF发起式联接C(013811), 国联安上证科创50ETF联接A(013893), 国联安上证科创50ETF联接C(013894), 嘉实上证科创板50指数增强发起式A(017188), 嘉实上证科创板50指数增强发起式C(017189), 博时上证科创板50成份指数发起式A(018145), 博时上证科创板50成份指数发起式C(018146), 华夏上证科创板50成份指数增强发起式A(018177), 华夏上证科创板50成份指数增强发起式C(018178), 东财上证科创50指数发起式A(019385), 东财上证科创50指数发起式C(019386), 景顺长城上证科创板50成份指数增强A(019767), 景顺长城上证科创板50成份指数增强C(019768), 华安上证科创板50成份ETF发起式联接A(020714), 华安上证科创板50成份ETF发起式联接C(020715), 工银科创ETF链接E(020750), 天弘上证科创板50成份指数发起A(020873), 天弘上证科创板50成份指数发起C(020874), 景顺长城上证科创板50成份指数A(021484), 景顺长城上证科创板50成份指数C(021485), 鹏华上证科创板50成份增强策略ETF发起式联接A(021908), 华夏上证科创板50成份ETF(588000), 科创ETF(588050), 广发科创50ETF(588060), 易方达上证科创板50ETF(588080), 科创板ETF(588090), 南方上证科创板50成份ETF(588150), 国联安科创ETF(588180), 华安上证科创板50ETF(588280), 南方上证科创板50成份增强策略ETF(588370), 招商上证科创板50成份增强策略ETF(588450), 科创50增强ETF(588460)"
000690,"易方达上证科创板成长ETF联接发起式A(019702), 易方达上证科创板成长ETF联接发起式C(019703), 广发上证科创板成长ETF发起式联接A(019785), 广发上证科创板成长ETF发起式联接C(019786), 易方达上证科创板成长ETF(588020), 广发上证科创板成长ETF(588110)"
000698,"博时上证科创板100ETF联接A(019857), 博时上证科创板100ETF联接C(019858), 银华上证科创板100ETF联接A(019859), 银华上证科创板100ETF联接C(019860), 鹏华上证科创100ETF联接A(019861), 鹏华上证科创100ETF联接C(019862), 国泰上证科创板100ETF发起联接A(019866), 国泰上证科创板100ETF发起联接C(019867), 华夏上证科创板100ETF联接A(020291), 华夏上证科创板100ETF联接C(020292), 易方达上证科创板100ETF联接发起式A(020293), 易方达上证科创板100ETF联接发起式C(020294), 华泰柏瑞上证科创板100ETF发起式联接A(020320), 华泰柏瑞上证科创板100ETF发起式联接C(020321), 南方上证科创板100ETF联接A(020683), 南方上证科创板100ETF联接C(020684), 永赢上证科创板100指数增强发起A(021278), 永赢上证科创板100指数增强发起C(021279), 天弘上证科创板100指数增强发起A(021385), 天弘上证科创板100指数增强发起C(021386), 中欧上证科创板100指数发起A(021660), 中欧上证科创板100指数发起C(021661), 博时科创100ETF(588030), 国泰上证科创板100ETF(588120), 科创100(588190), 易方达上证科创板100ETF(588210), 科创100ETF基金(588220), 易方达上证科创板100增强策略ETF(588500), 广发上证科创板100增强策略ETF(588680), 华夏上证科创板100ETF(588800), 科创指数(588880), 南方上证科创板100ETF(588900)"
000806,消费服务ETF(516600)
000807,华安中证申万食品饮料ETF(516900)
000808,"申万菱信中证申万医药生物指数C(015176), 申万菱信中证申万医药生物指数A(163118)"
000811,"华夏中证细分有色金属产业主题ETF发起式联接A(016707), 华夏中证细分有色金属产业主题ETF发起式联接C(016708), 汇添富中证细分有色金属产业主题ETF发起式联接A(019164), 汇添富中证细分有色金属产业主题ETF发起式联接C(019165), 华夏中证细分有色金属产业主题ETF发起式联接D(021534), 华夏中证细分有色金属产业主题ETF(516650), 汇添富中证细分有色金属产业主题ETF(159652)"
000812,"富国中证细分机械设备产业主题ETF发起式联接A(021327), 富国中证细分机械设备产业主题ETF发起式联接C(021328), 国泰中证细分机械设备产业主题ETF(516960), 富国中证细分机械设备产业主题ETF(159886)"
000813,"华宝化工ETF联接A(012537), 华宝化工ETF联接C(012538), 嘉实中证细分化工产业主题指数发起式A(013527), 嘉实中证细分化工产业主题指数发起式C(013528), 鹏华中证细分化工产业主题ETF联接A(014942), 鹏华中证细分化工产业主题ETF联接C(014943), 汇添富中证细分化工产业主题指数增强发起式A(015225), 华泰紫金中证细分化工产业主题指数发起A(015328), 华泰紫金中证细分化工产业主题指数发起C(015329), 天弘中证细分化工指数发起A(015896), 天弘中证细分化工指数发起C(015897), 东财中证化工指数发起式A(019589), 东财中证化工指数发起式C(019590), 富国中证细分化工产业主题ETF发起式联接A(020273), 富国中证细分化工产业主题ETF发起式联接C(020274), 华宝化工ETF(516020), 富国中证细分化工产业主题ETF(516120), 国泰中证细分化工产业主题ETF(516220), 化工产业(516690), 化工ETF(159870)"
000814,"华安中证细分医药ETF联接A(000373), 华安中证细分医药ETF联接C(000376), 华安中证细分医药ETF(512120)"
000815,"华宝食品ETF联接A(012548), 华宝食品ETF联接C(012549), 华泰紫金中证细分食品饮料主题指数发起A(012763), 华泰紫金中证细分食品饮料主题指数发起C(012764), 华夏中证细分食品饮料产业主题ETF发起式联接A(013125), 华夏中证细分食品饮料产业主题ETF发起式联接C(013126), 华夏中证细分食品饮料产业主题ETF(515170), 华宝中证细分食品饮料产业主题ETF(515710), 食品ETF(159862)"
000819,"南方中证申万有色金属ETF发起联接A(004432), 南方中证申万有色金属ETF发起联接C(004433), 南方中证申万有色金属ETF发起联接E(010990), 南方中证申万有色金属ETF(512400)"
000821,"建信沪深300红利ETF发起式联接A(012712), 建信沪深300红利ETF发起式联接C(012713), 建信沪深300红利ETF(512530)"
000824,"西部利得国企红利指数增强C(009439), 鹏扬中证国有企业红利ETF联接A(020115), 鹏扬中证国有企业红利ETF联接C(020116), 华安中证国有企业红利ETF发起式联接A(020461), 华安中证国有企业红利ETF发起式联接C(020462), 西部利得国企红利指数增强A（场内简称：国企红利LOF）(501059), 华安中证国有企业红利ETF(561060), 鹏扬中证国有企业红利ETF(159515)"
000825,"华泰柏瑞中证中央企业红利ETF发起式联接A(020466), 华泰柏瑞中证中央企业红利ETF发起式联接C(020467), 央企红利(561580), 富国中证中央企业红利ETF(159332)"
000827,"广发中证环保ETF联接A(001064), 广发中证环保ETF联接C(002984), 申万菱信中证环保产业指数(LOF)C(010419), 鹏华中证环保产业指数(LOF)C(015685), 鹏华中证环保产业指数(LOF)A(160634), 新华中证环保产业指数(164304), 广发中证环保ETF(512580), 申万菱信中证环保产业指数(LOF)A(163114)"
000841,"中信保诚中证800医药指数（LOF）C(013080), 中信保诚中证800医药指数（LOF）A(165519)"
000842,
000852,"创金合信中证1000增强A(003646), 创金合信中证1000增强C(003647), 招商中证1000指数增强A(004194), 招商中证1000指数增强C(004195), 万家中证1000指数增强A(005313), 万家中证1000指数增强C(005314), 建信中证1000指数增强A(006165), 建信中证1000指数增强C(006166), 广发中证1000ETF联接A(006486), 广发中证1000ETF联接C(006487), 南方中证1000ETF发起联接A(011860), 南方中证1000ETF发起联接C(011861), 富国中证1000指数增强（LOF）C(013331), 建信中证1000指数增强发起E(013442), 华夏中证1000ETF发起式联接A(013922), 华夏中证1000ETF发起式联接C(013923), 华夏中证1000指数增强A(014125), 华夏中证1000指数增强C(014126), 天弘中证1000指数增强A(014201), 天弘中证1000指数增强C(014202), 兴银中证1000指数增强A(014831), 兴银中证1000指数增强C(014832), 华安中证1000指数增强A(015148), 华安中证1000指数增强C(015149), 太平中证1000指数增强A(015466), 太平中证1000指数增强C(015467), 景顺长城中证1000指数增强A(015495), 景顺长城中证1000指数增强C(015496), 中信建投中证1000指数增强A(015784), 中信建投中证1000指数增强C(015785), 国泰君安中证1000指数增强A(015867), 国泰君安中证1000指数增强C(015868), 华宝中证1000指数C(016033), 易方达中证1000ETF联接A(016630), 易方达中证1000ETF联接C(016631), 富国中证1000ETF联接A(016633), 富国中证1000ETF联接C(016634), 南方中证1000ETF发起联接E(016643), 嘉实中证1000指数增强发起式A(016776), 嘉实中证1000指数增强发起式C(016777), 鹏华中证1000指数增强A(016785), 鹏华中证1000指数增强C(016786), 博时中证1000指数增强A(016936), 博时中证1000指数增强C(016937), 工银中证1000指数增强A(016942), 工银中证1000指数增强C(016943), 国联安中证1000指数增强A(016962), 国联安中证 1000 指数增强C(016963), 申万菱信中证1000指数增强A(017067), 申万菱信中证1000指数增强C(017068), 易方达中证1000量化增强A(017094), 易方达中证1000量化增强C(017095), 汇添富中证1000ETF联接A(017161), 汇添富中证1000ETF联接C(017162), 鑫元中证1000指数增强发起式A(017190), 鑫元中证1000指数增强发起式C(017191), 农银中证1000指数增强A(017323), 农银中证1000指数增强C(017324), 明亚中证1000指数增强A(017505), 明亚中证1000指数增强C(017506), 博道中证1000指数增强A(017644), 博道中证1000指数增强C(017645), 中金中证1000指数增强发起A(017733), 中金中证1000指数增强发起C(017734), 国金中证1000指数增强A(017846), 国金中证1000指数增强C(017847), 中欧中证1000指数增强A(017919), 中欧中证1000指数增强C(017920), 汇添富中证1000指数增强A(017953), 汇添富中证1000指数增强C(017954), 长信中证1000指数增强A(018013), 长信中证1000指数增强C(018014), 华泰紫金中证1000指数增强发起A(018062), 华泰紫金中证1000指数增强发起C(018063), 西部利得中证1000指数增强A(018157), 西部利得中证1000指数增强C(018158), 浙商中证1000指数增强A(018233), 浙商中证1000指数增强C(018234), 大成中证1000指数增强发起式A(018661), 大成中证1000指数增强发起式C(018662), 泰康中证1000指数增强发起A(019185), 泰康中证1000指数增强发起C(019186), 华泰柏瑞中证1000指数增强A(019240), 华泰柏瑞中证1000指数增强C(019241), 财通中证1000指数增强A(019270), 财通中证1000指数增强C(019271), 财通资管中证1000指数增强A(019402), 财通资管中证1000指数增强C(019403), 中银中证1000指数增强A(019555), 中银中证1000指数增强C(019556), 华宝中证1000指数(162413), 南方中证1000ETF(512100), 中证1000(516300), 广发中证1000ETF(560010), 汇添富中证1000ETF(560110), 1000ETF增强(560590), 中证1000ETF增强(561280), 1000增强(561590), 博时中证1000增强ETF(561780), 富国中证1000ETF(159629), 易方达中证1000ETF(159633), 1000增强ETF(159677), 国泰中证1000增强策略ETF(159679), 招商中证1000增强策略ETF(159680), 天弘中证1000增强策略ETF(159685), 华夏中证1000ETF(159845), 富国中证1000指数增强（LOF）A(161039)"
000857,
000858,"南方中证500信息ETF发起联接A(002900), 南方中证500信息ETF发起联接C(004347), 南方中证500信息技术ETF(512330)"
000859,"富国中证国企一带一路ETF联接A(007786), 富国中证国企一带一路ETF联接C(007787), 易方达中证国企一带一路ETF联接发起式A(007788), 易方达中证国企一带一路ETF联接发起式C(007789), 汇添富中证国企一带一路ETF联接A(008907), 汇添富中证国企一带一路ETF联接C(008908), 易方达中证国企一带一路ETF(515110), 富国中证国企一带一路ETF(515150), 添富中证国企一带一路ETF(515990)"
000860,"华夏中证央企ETF联接A(006196), 华夏中证央企ETF联接C(006197), 博时央调ETF联接A(006438), 博时央调ETF联接C(006439), 华夏中证央企ETF(512950), 博时央企结构调整ETF(512960), 央企ETF(159959)"
000861,"广发央企创新驱动ETF联接A(007784), 广发央企创新驱动ETF联接C(007785), 嘉实央企创新驱动ETF联接A(007792), 嘉实央企创新驱动ETF联接C(007793), 博时央创ETF联接A(007796), 博时央创ETF联接C(007797), 富国中证央企创新驱动ETF联接A(007809), 富国中证央企创新驱动ETF联接C(007810), 广发中证央企创新驱动ETF(515600), 嘉实央企创新驱动ETF(515680), 博时央企创新ETF(515900), 富国中证央企创新驱动ETF(159974)"
000901,"南方中证小康产业ETF联接C(004346), 南方中证小康产业ETF联接A(202021), 南方中证小康产业ETF(510160)"
000903,"南方中证100指数C(005691), 广发中证100ETF联接A(007135), 广发中证100ETF联接C(007136), 华宝中证100ETF联接C(007405), 宝盈中证100指数增强C(007580), 海富通中证100指数C(010224), 诺安中证100指数C(010351), 华夏中证100ETF发起式联接A(017862), 华夏中证100ETF发起式联接C(017863), 易方达中证100ETF联接发起式A(020100), 易方达中证100ETF联接发起式C(020101), 嘉实中证100ETF发起联接A(020766), 富国中证100ETF发起式联接A(021245), 富国中证100ETF发起式联接C(021246), 中银中证100指数增强(163808), 南方中证100指数A(202211), 宝盈中证100指数增强A(213010), 华宝中证100ETF联接A(240014), 诺安中证100指数A(320010), 华富中证100指数(410008), 长盛中证100指数(519100), 广发中证100ETF(512910), 中银100(515670), 富国中证100ETF(561180), 中证100ETF工银(561200), 华宝中证100ETF(562000), 华夏中证100ETF(159627), 汇添富中证100ETF(159630), 招商中证100ETF(159631), 嘉实中证100ETF(159661), 易方达中证100ETF(159686), 大成中证100ETF(159923), 海富通中证100指数A(162307), 国联安中证100指数（LOF）(162509), 国富中证100指数增强（LOF）(164508)"
000904,泰信中证200指数(290010)
000905,"嘉实中证500ETF联接A(000008), 建信中证500指数增强A(000478), 天弘中证500ETF联接A(000962), 汇添富中证500指数增强A(001050), 华夏中证500ETF联接A(001052), 华泰柏瑞中证500ETF联接A(001214), 国寿安保中证500ETF联接(001241), 诺安中证500增强A(001351), 景顺长城中证500ETF联接(001455), 天弘中证500指数增强A(001556), 天弘中证500指数增强C(001557), 浙商中证500增强A(002076), 创金合信中证500增强A(002311), 创金合信中证500增强C(002316), 申万菱信中证500指数增强A(002510), 广发中证500ETF联接C(002903), 南方中证500量化增强股票发起A(002906), 南方中证500量化增强股票发起C(002907), 中金中证500A(003016), 中金中证500C(003578), 国泰中证500指数增强A(003760), 国泰中证500指数增强C(003761), 申万菱信中证500指数优选增强A(003986), 招商中证500指数增强A(004192), 招商中证500指数增强C(004193), 南方中证500ETF联接（LOF）C(004348), 富荣中证500指数增强A(004790), 富荣中证500指数增强C(004791), 长信中证500指数A(004945), 博时中证500指数增强A(005062), 华宝中证500增强A(005607), 华宝中证500增强C(005608), 建信中证500指数增强C(005633), 博时中证500指数增强C(005795), 天弘中证500ETF联接C(005919), 安信中证500指数增强A(005965), 安信中证500指数增强C(005966), 国投瑞银中证500指数量化增强A(005994), 长城中证500指数增强A(006048), 华泰柏瑞中证500ETF联接C(006087), 平安500ETF联接A(006214), 平安500ETF联接C(006215), 华夏中证500ETF联接C(006382), 中信建投中证500增强A(006440), 中信建投中证500增强C(006441), 博道中证500增强A(006593), 博道中证500增强C(006594), 人保中证500(006611), 方正富邦中证500ETF联接A(006656), 方正富邦中证500ETF联接C(006657), 景顺长城中证500指数增强A(006682), 万家中证500指数增强发起式A(006729), 万家中证500指数增强发起式C(006730), 鹏华中证500指数C类（LOF）(006938), 易方达中证500ETF联接发起式A(007028), 易方达中证500ETF联接发起式C(007029), 国投瑞银中证500指数量化增强C(007089), 工银中证500ETF联接C(007223), 浙商中证500增强C(007386), 摩根研究驱动股票A(007388), 摩根研究驱动股票C(007389), 长城中证500指数增强C(007413), 申万菱信中证500指数优选增强C(007794), 申万菱信中证500指数增强C(007795), 博道伍佰智航A(007831), 博道伍佰智航C(007832), 国联中证500ETF联接A(007885), 国联中证500ETF联接C(007886), 鹏华中证500ETF联接A(007932), 富安达中证500指数增强A(007943), 华夏中证500指数增强A(007994), 华夏中证500指数增强C(007995), 鹏华中证500ETF联接C(008001), 中泰中证500指数增强A(008112), 中泰中证500指数增强C(008113), 中邮中证500指数增强C(008124), 中银证券中证500ETF联接A(008258), 中银证券中证500ETF联接C(008259), 博时中证500ETF联接A(008396), 博时中证500ETF联接C(008397), 嘉实中证500指数增强A(008778), 嘉实中证500指数增强C(008779), 海富通中证500增强C(009004), 西部利得中证500指数增强C(009300), 平安中证500指数增强A(009336), 平安中证500指数增强C(009337), 广发中证500指数增强A(009608), 广发中证500指数增强C(009609), 上银中证500指数增强型A(009613), 上银中证500指数增强型C(009614), 中加中证500指数增强A(010153), 中加中证500指数增强C(010154), 汇安中证500增强A(010157), 汇安中证500增强C(010158), 兴银中证500指数增强A(010253), 诺安中证500增强C(010355), 东财中证500ETF发起式联接A(010992), 东财中证500ETF发起式联接C(010993), 兴银中证500指数增强C(011205), 九泰中证500指数增强(011519), 泰康中证500ETF联接A(011964), 泰康中证500ETF联接C(011965), 易方达中证500量化增强A(012080), 易方达中证500量化增强C(012081), 汇添富中证500基本面增强指数A(012498), 汇添富中证500基本面增强指数C(012499), 民生加银中证500指数增强发起式A(012926), 民生加银中证500指数增强发起式C(012927), 中信保诚中证500指数（LOF）C(013119), 华夏中证500指数智选增强A(013233), 华夏中证500指数智选增强C(013234), 富国中证500指数增强（LOF）C(013332), 光大保德信中证500指数增强A(013639), 光大保德信中证500指数增强C(013640), 国泰中证500ETF发起联接A(013833), 国泰中证500ETF发起联接C(013834), 圆信永丰中证500指数增强发起A(013878), 圆信永丰中证500指数增强发起C(013879), 长信中证500指数C(013881), 工银中证500六个月持有指数增强A(014133), 工银中证500六个月持有指数增强C(014134), 国泰君安中证500指数增强A(014155), 国泰君安中证500指数增强C(014156), 华泰柏瑞中证500指数增强A(014305), 华泰柏瑞中证500指数增强C(014306), 鹏华中证500指数增强A(014344), 鹏华中证500指数增强C(014345), 华安中证500指数增强A(014587), 华安中证500指数增强C(014588), 中欧中证500指数增强A(015453), 中欧中证500指数增强C(015454), 兴业中证500指数增强A(015507), 兴业中证500指数增强C(015508), 建信中证500指数量化增强发起A(016267), 建信中证500指数量化增强发起C(016268), 汇添富中证500指数增强C(016854), 华泰紫金中证500指数增强发起A(016865), 华泰紫金中证500指数增强发起C(016866), 景顺长城中证500指数增强C(016935), 兴业中证500ETF发起式联接A(016968), 兴业中证500ETF发起式联接C(016969), 泰康中证500指数增强发起A(018116), 泰康中证500指数增强发起C(018117), 财通中证500指数增强A(018633), 财通中证500指数增强C(018634), 中银中证500指数增强型发起A(019553), 中银中证500指数增强型发起C(019554), 中欧中证500指数增强E(019694), 富安达中证500指数增强C(019808), 国联中证500指数增强A(021051), 国联中证500指数增强C(021052), 大成中证500指数增强A(021170), 大成中证500指数增强C(021171), 东方红中证500指数增强发起A(021175), 东方红中证500指数增强发起C(021176), 中信保诚中证500指数增强A(021185), 中信保诚中证500指数增强C(021186), 嘉实中证500ETF联接C(070039), 工银中证500ETF联接A(164809), 海富通中证500增强A(519034), 中邮中证500指数增强A(590007), 农银中证500指数(660011), 汇添富中证500指数（LOF）A(501036), 汇添富中证500指数（LOF）C(501037), 西部利得中证500指数增强A(502000), 南方中证500ETF(510500), 广发中证500ETF(510510), 工银中证500ETF(510530), 方正富邦中证500ETF(510550), 国寿安保中证500ETF(510560), 兴业中证500ETF（证券简称：兴业500；扩位证券简称：兴业中证500ETF）(510570), 易方达中证500ETF(510580), 平安中证500ETF(510590), 华夏中证500ETF(512500), 华泰柏瑞中证500ETF(512510), 中银证券中证500ETF(515190), 泰康500(515530), 国联中证500ETF(515550), 南方中证500增强策略ETF(560100), 汇添富中证500增强策略ETF(560950), 国泰中证500ETF(561350), 500指增(561550), 招商中证500增强策略ETF(561950), 易方达中证500增强策略ETF(563030), 景顺长城中证500增强策略ETF(159610), 博时中证500增强ETF(159678), 天弘中证500ETF(159820), 嘉实中证500ETF(159922), 景顺长城中证500ETF(159935), 博时中证500ETF(159968), 中证500(159982), 南方中证500ETF联接（LOF）A(160119), 鹏华中证500指数A类（LOF）(160616), 富国中证500指数增强（LOF）A/B(161017), 宏利500指数增强(LOF)(162216), 广发中证500ETF联接（LOF）A(162711), 中信保诚中证500指数（LOF）A(165511)"
000906,"天弘中证800A(001588), 天弘中证800C(001589), 易方达中证800ETF联接发起式A(007856), 易方达中证800ETF联接发起式C(007857), 湘财长源股票型A(008128), 湘财长源股票型C(008129), 兴全中证800六个月持有指数A(010673), 兴全中证800六个月持有指数C(010674), 汇添富中证800ETF联接基金A(012596), 汇添富中证800ETF联接基金C(012597), 民生加银中证800指数增强发起式A(013031), 民生加银中证800指数增强发起式C(013032), 中银中证800指数型发起式A(014226), 中银中证800指数型发起式C(014227), 招商中证800指数增强A(016276), 招商中证800指数增强C(016277), 汇添富中证800指数增强A(017896), 汇添富中证800指数增强C(017897), 华夏中证800指数增强A(017985), 华夏中证800指数增强C(017986), 添富中证800ETF(515800), 易方达中证800ETF(515810), 800增强ETF(159517), 鹏华中证800ETF(159800), 长盛同庆中证800指数（LOF）(160806)"
000907,
000908,
000909,
000910,
000911,
000912,
000913,"易方达沪深300医药ETF联接A(001344), 易方达沪深300医药ETF联接C(007883), 易方达沪深300医药ETF(512010)"
000914,"国投金融地产ETF联接(161211), 国投瑞银金融地产ETF(159933)"
000915,
000917,
000918,"万家沪深300成长ETF发起式联接A(017996), 万家沪深300成长ETF发起式联接C(017997), 300成长(562310), 万家沪深300成长ETF(159656)"
000919,"申万菱信沪深300价值指数C(007800), 银河沪深300价值指数C(013074), 申万菱信沪深300价值指数A(310398), 银河沪深300价值指数A(519671), 申万菱信沪深300价值ETF(560330), 300价值A(562320)"
000922,"大成中证红利指数C(007801), 富国中证红利指数增强C(008682), 南方高股息主题股票A(008736), 南方高股息主题股票C(008737), 易方达中证红利ETF联接发起式A(009051), 易方达中证红利ETF联接发起式C(009052), 招商中证红利ETF联接A(012643), 招商中证红利ETF联接C(012644), 万家中证红利ETF联接C(015558), 汇添富中证红利ETF发起式联接A(020195), 汇添富中证红利ETF发起式联接C(020196), 博时中证红利ETF发起式联接A(021099), 博时中证红利ETF发起式联接C(021100), 广发中证红利ETF发起式联接A(021399), 大成中证红利指数A(090010), 富国中证红利指数增强A/B(100032), 招商中证红利ETF(515080), 易方达中证红利ETF(515180), 博时中证红利ETF(515890), 汇添富中证红利ETF(560020), 万家中证红利ETF(159581), 广发中证红利ETF(159589), 万家中证红利ETF联接A(161907)"
000925,"嘉实基本面50指数(LOF)C(160725), 嘉实基本面50ETF(512750), 嘉实基本面50指数(LOF)A(160716)"
000928,汇添富中证能源ETF(159930)
000929,
000930,
000931,
000932,"汇添富中证主要消费ETF联接A(000248), 嘉实中证主要消费ETF发起联接A(009179), 嘉实中证主要消费ETF发起联接C(009180), 汇添富中证主要消费ETF联接C(012857), 嘉实中证主要消费ETF(512600), 广发中证主要消费ETF(560680), 博时主要消费ETF(159672), 南方中证主要消费ETF(159689), 汇添富中证主要消费ETF(159928)"
000933,"汇添富中证医药ETF联接A(007076), 汇添富中证医药ETF联接C(007077), 东财医药A(008551), 东财医药C(008552), 鹏华中证医药指数C（LOF）(010366), 长城中证医药卫生指数增强A(014205), 长城中证医药卫生指数增强C(014206), 汇添富中证医药卫生ETF(159929), 鹏华中证医药指数A（LOF）(160635)"
000934,"嘉实中证金融地产ETF联接A(001539), 嘉实中证金融地产ETF联接C(005999), 嘉实中证金融地产ETF(512640), 汇添富中证金融地产ETF(159931)"
000935,"鹏华信息C(012040), 鹏华信息A(160626)"
000936,"南方中证通信服务ETF发起联接A(020704), 南方中证通信服务ETF发起联接C(020705), 南方中证通信服务ETF(159511)"
000937,
000941,"华安中证内地新能源主题ETF发起式联接A(014303), 华安中证内地新能源主题ETF发起式联接C(014304), 申万菱信中证内地新能源主题ETF发起式联接A(016225), 申万菱信中证内地新能源主题ETF发起式联接C(016226), 华安中证内地新能源主题ETF(516270), 申万菱信中证内地新能源主题ETF(159752)"
000942,
000945,"国泰中证内地运输主题ETF发起联接A(018905), 国泰中证内地运输主题ETF发起联接C(018906), 国泰中证内地运输主题ETF(561320), 嘉实中证内地运输主题ETF(159683)"
000949,"天弘中证农业主题A(010769), 天弘中证农业主题C(010770), 富国中证农业主题ETF联接A(015878), 富国中证农业主题ETF联接C(015879), 华夏中证农业主题ETF发起式联接A(016077), 华夏中证农业主题ETF发起式联接C(016078), 博时中证农业主题指数发起式A(017019), 博时中证农业主题指数发起式C(017020), 华夏中证农业主题ETF(516810), 富国中证农业主题ETF(159825), 农业50(159827)"
000955,
000958,
000968,
000969,"长安沪深300非周期指数C(017040), 长安沪深300非周期指数A(740101)"
000977,"鹏华中证内地低碳经济主题ETF联接A(012754), 鹏华中证内地低碳经济主题ETF联接C(012755), 易方达中证内地低碳经济主题ETF联接A(013502), 易方达中证内地低碳经济主题ETF联接C(013503), 华夏中证内地低碳经济主题ETF发起式联接A(013605), 华夏中证内地低碳经济主题ETF发起式联接C(013606), 易方达中证内地低碳经济主题ETF(516070), 碳中和TK(560560), 低碳ETF(562300), 华夏中证内地低碳经济主题ETF(159790), 低碳ETF(159885)"
000978,"国联安中证医药100A(000059), 天弘中证医药100A(001550), 天弘中证医药100C(001551), 国联安中证医药100C(006569)"
000979,招商中证商品指数基金(161715)
000982,"招商中证500等权重指数增强A(009726), 招商中证500等权重指数增强C(009727), 前海开源中证500等权ETF(515590)"
000986,广发中证全指能源ETF(159945)
000987,广发中证全指原材料ETF(159944)
000988,
000989,"广发可选消费联接A(001133), 广发可选消费联接C(002977), 华夏中证全指可选消费ETF发起式联接A(021365), 华夏中证全指可选消费ETF发起式联接C(021366), 华夏中证全指可选消费ETF(562580), 广发中证全指可选消费ETF(159936)"
000990,
000991,"广发医药卫生联接A(001180), 广发医药卫生联接C(002978), 银华中证全指医药卫生指数增强发起式(005112), 广发中证全指医药卫生ETF(159938)"
000992,"广发金融地产联接A(001469), 广发金融地产联接C(002979), 广发中证全指金融地产ETF(159940)"
000993,"广发信息技术联接A(000942), 广发信息技术联接C(002974), 华夏中证全指信息技术ETF(562560), 广发中证全指信息技术ETF(159939)"
000994,
000995,华夏中证全指公用事业ETF(159301)
000998,"中信保诚中证TMT指数（LOF）C(013122), 中信保诚中证TMT指数（LOF）A(165522)"
399001,"南方深证成份ETF联接C(004345), 融通深证成份指数C(004875), 申万菱信深证成份指数C(015177), 融通深证成份指数A/B(161612), 南方深证成份ETF联接A(202017), 南方深证成份ETF(159903), 深证ETF(159943), 申万菱信深证成份指数A(163109)"
399005,"申万菱信中小企业100指数(LOF)C(007799), 易方达中小企业100指数（LOF）C(012872), 华富中小企业100指数增强型(410010), 华夏中小企业100ETF(159902), 易方达中小企业100指数（LOF）A(161118), 申万菱信中小企业100指数(LOF)A(163111)"
399006,"天弘创业板ETF联接基金A(001592), 天弘创业板ETF联接基金C(001593), 长城创业板指数增强发起式A(001879), 南方创业板ETF联接A(002656), 光大保德信创业板股票A(003069), 光大保德信创业板股票C(003070), 大成动态量化配置策略混合A(003147), 广发创业板ETF发起式联接A(003765), 广发创业板ETF发起式联接C(003766), 南方创业板ETF联接C(004343), 易方达创业板ETF联接C(004744), 融通创业板指数C(004870), 工银创业板ETF联接A(005390), 工银创业板ETF联接C(005391), 建信创业板ETF联接A(005873), 建信创业板ETF联接C(005874), 华夏创业板ETF联接A(006248), 华夏创业板ETF联接C(006249), 博时创业板ETF联接C(006733), 长城创业板指数增强发起式C(006928), 博时优势企业灵活配置混合C(007234), 永赢创业板A(007664), 永赢创业板C(007665), 平安创业板ETF联接A(009012), 平安创业板ETF联接C(009013), 东财创业板A(009046), 东财创业板C(009047), 万家创业板指数增强A(009981), 万家创业板指数增强C(009982), 南方创业板ETF联接E(010183), 诺安创业板指数增强（LOF）C(010356), 博时创业板指数A(010785), 浦银安盛创业板ETF联接A(012179), 浦银安盛创业板ETF联接C(012180), 招商创业板指数增强A(012900), 招商创业板指数增强C(012901), 富国创业板ETF联接C(013277), 建信创业板ETF发起联接E(013443), 国泰创业板指数（LOF）C(015600), 鹏华创业板指数(LOF)C(015673), 天弘创业板指数增强A(015794), 天弘创业板指数增强C(015795), 华夏创业板指数增强A(018370), 华夏创业板指数增强C(018371), 广发创业板ETF发起式联接E(019817), 华夏创业板指数发起式A(020870), 华夏创业板指数发起式C(020871), 华夏创业板指数发起式E(020872), 富国创业板增强策略ETF发起式联接C(021810), 富国创业板增强策略ETF发起式联接A(021811), 博时创业板ETF联接A(050021), 易方达创业板ETF联接A(110026), 融通创业板指数A/B(161613), 诺安创业板指数增强（LOF）A(163209), 嘉实创业板增强策略ETF(159675), 富国创业板增强策略ETF(159676), 融通创业板ETF(159808), 浦银安盛创业板ETF(159810), 中银证券创业板ETF(159821), 博时创业板ETF(159908), 易方达创业板ETF(159915), 南方创业板ETF(159948), 广发创业板ETF(159952), 建信创业板ETF(159956), 华夏创业板ETF(159957), 创业板ETF工银(159958), 平安创业板ETF(159964), 富国创业板ETF(159971), 天弘创业板ETF(159977), 国泰创业板指数（LOF）A(160223), 鹏华创业板指数(LOF)A(160637), 富国创业板ETF联接A(161022)"
399007,"汇添富深证300ETF联接C(018058), 大摩深证300指数增强(233010), 汇添富深证300ETF联接A(470068), 平安深证300指数增强(700002), 汇添富深证300ETF(159912)"
399008,
399019,"富国创业板中盘200ETF发起式联接A(020667), 富国创业板中盘200ETF发起式联接C(020668), 易方达创业板中盘200ETF联接A(020732), 易方达创业板中盘200ETF联接C(020733), 华夏创业板中盘200ETF发起式联接A(020837), 华夏创业板中盘200ETF发起式联接C(020838), 富国创业板中盘200ETF(159571), 易方达创业板中盘200ETF(159572), 华夏创业板中盘200ETF(159573), 创业板200ETF银华(159575)"
399088,"华宝深创100ETF发起式联接A(013177), 华宝深创100ETF发起式联接C(013178), 永赢深创100ETF发起式联接A(013907), 永赢深创100ETF发起式联接C(013908), 华宝深创100ETF(159716), 深创龙头ETF(159721)"
399285,物联网ETF工银(159709)
399286,
399291,"国寿安保创精选88ETF联接A(008898), 国寿安保创精选88ETF联接C(008899), 国寿安保创精选88ETF(159804)"
399293,"西部利得创业板大盘ETF联接A(012554), 西部利得创业板大盘ETF联接C(012555), 西部利得创业板大盘ETF(159814), 招商创业板大盘ETF(159991)"
399295,"华夏创业板低波价值ETF发起式联接A(007472), 华夏创业板低波价值ETF发起式联接C(007473), 华夏创业板低波价值ETF(159966)"
399296,"华夏创业板动量成长ETF发起式联接A(007474), 华夏创业板动量成长ETF发起式联接C(007475), 华夏创成长ETF(159967)"
399303,"广发国证2000ETF联接C(010432), 申万菱信国证2000指数增强型发起式A(015921), 申万菱信国证2000指数增强型发起式C(015922), 万家国证2000ETF发起式联接A(016788), 万家国证2000ETF发起式联接C(016789), 天弘国证2000指数增强A(017547), 天弘国证2000指数增强C(017548), 鹏华国证2000指数增强A(017892), 鹏华国证2000指数增强C(017893), 华夏国证2000指数增强发起式A(018292), 华夏国证2000指数增强发起式C(018293), 鑫元国证2000指数增强A(018579), 鑫元国证2000指数增强C(018580), 万家国证2000指数增强A(018653), 万家国证2000指数增强C(018654), 中欧国证2000指数增强A(018663), 中欧国证2000指数增强C(018664), 招商国证2000指数增强A(018786), 招商国证2000指数增强C(018787), 景顺长城国证2000指数增强A(019013), 景顺长城国证2000指数增强C(019014), 汇添富国证2000指数增强A(019318), 汇添富国证2000指数增强C(019319), 民生加银国证2000指数增强A(019814), 民生加银国证2000指数增强C(019815), 广发国证2000ETF联接A(270026), 博时国证2000ETF(159505), 平安国证2000ETF(159521), 景顺长城国证2000ETF(159522), 国证2000ETF基金(159543), 万家国证2000ETF(159628), 广发国证2000ETF(159907)"
399310,"天弘国证A50指数A(010953), 天弘国证A50指数C(010954)"
399311,
399313,"融通巨潮100指数C(004874), 融通巨潮100指数A/B(161607)"
399314,
399315,
399316,
399324,"工银深证红利ETF联接C(006724), 工银深证红利ETF联接A(481012), 红利ETF(159708), 深红利ETF(159905)"
399326,"大成深证成长40ETF联接A(090012), 大成深证成长40ETF(159906)"
399330,"宝盈祥瑞混合A(000639), 招商深证100指数C(004408), 易方达深证100ETF联接C(004742), 方正富邦深证100ETF联接A(006687), 方正富邦深证100ETF联接C(006688), 广发深证100ETF联接C(009472), 华安深证100ETF发起式联接A(017637), 华安深证100ETF发起式联接C(017638), 易方达深证100ETF联接A(110019), 融通深证100指数A/B(161604), 广发深证100指数（LOF）A(162714), 招商深证100指数A(217016), 建信深证100指数增强(530018), 广发深证100ETF(159576), 深证100ETF华安(159706), 易方达深证100ETF(159901), 方正富邦深证100ETF(159961), 深100P(159969), 深100ETF工银(159970), 招商深证100ETF(159975), 国投瑞银深证100指数（LOF）(161227), 银华深证100指数(161812)"
399348,"交银深证300价值ETF联接(519706), 交银深证300价值ETF(159913)"
399363,
399364,"天弘国证消费100指数增强A(010771), 天弘国证消费100指数增强C(010772), 易米国证消费100指数增强发起A(013926), 易米国证消费100指数增强发起C(013927)"
399370,
399371,
399372,
399373,
399374,
399375,
399376,
399377,小盘价值(159990)
399393,"国泰国证房地产行业指数C(015042), 国泰国证房地产行业指数A(160218)"
399394,"国泰国证医药卫生行业指数C(010144), 国泰国证医药卫生行业指数A(160219)"
399395,"国泰国证有色金属行业指数C(015596), 有色50(159880), 国泰国证有色金属行业指数A(160221)"
399396,"国泰国证食品饮料行业指数C(015040), 招商国证食品饮料ETF(159843), 国泰国证食品饮料行业指数A(160222)"
399412,"交银国证新能源指数（LOF）C(013453), 交银国证新能源指数（LOF）A(164905)"
399417,"国泰国证新能源汽车指数（LOF）C(014997), 国泰国证新能源汽车指数（LOF）A(160225)"
399437,"宝盈国证证券龙头指数发起式A(015859), 宝盈国证证券龙头指数发起式C(015860), 龙头券商(159993)"
399438,"嘉实国证绿色电力ETF发起联接A(017056), 嘉实国证绿色电力ETF发起联接C(017057), 天弘国证绿色电力指数发起A(017174), 天弘国证绿色电力指数发起C(017175), 国泰国证绿色电力ETF发起联接A(018034), 国泰国证绿色电力ETF发起联接C(018035), 嘉实国证绿色电力ETF(159625), 国泰国证绿色电力ETF(159669)"
399440,"鹏华国证钢铁行业指数(LOF)C(012810), 国联钢铁C(016815), 鹏华国证钢铁行业指数(LOF)A(502023), 国联钢铁A(168203)"
399441,"天弘国证生物医药ETF发起式联接A(011040), 天弘国证生物医药ETF发起式联接C(011041), 招商国证生物医药指数C(012417), 华安国证生物医药ETF发起式联接A(012598), 华安国证生物医药ETF发起式联接C(012599), 华安国证生物医药ETF(159508), 汇添富国证生物医药ETF(159839), 天弘国证生物医药ETF(159859), 招商国证生物医药指数A(161726)"
399550,"招商央视财经50指数C(004410), 国联央视财经50ETF联接A(006743), 国联央视财经50ETF联接C(006744), 建信央视财经50指数(165312), 招商央视财经50指数A(217027), 国联央视50ETF(159965)"
399610,"招商深证TMT50ETF联接C(004409), 招商深证TMT50ETF联接A(217019), 深证TMT50ETF(159909)"
399612,
399617,
399624,"嘉实中创400ETF联接C(005727), 嘉实中创400ETF联接A(070030), 嘉实中创400ETF(159918)"
399625,
399673,"交银创业板50指数A(007464), 交银创业板50指数C(007465), 华安创业板50指数C(014985), 景顺长城创业板50ETF联接A(017949), 景顺长城创业板50ETF联接C(017950), 鹏华创业板50ETF联接A(018482), 鹏华创业板50ETF联接C(018483), 华安创业板50指数A(160420), 华安创业板50ETF联接A(160422), 华安创业板50ETF联接C(160424), 创50ETF(159681), 景顺长城创业板50ETF(159682), 华安创业板50ETF(159949)"
399699,"合煦智远金融科技指数（LOF）C(168702), 合煦智远金融科技指数（LOF）A(168701)"
399701,"建信深证基本面60ETF联接C(006363), 建信深证基本面60ETF联接A(530015), 建信深证基本面60ETF(159916)"
399702,"嘉实深证基本面120ETF联接C(005998), 嘉实深证基本面120ETF联接A(070023), 嘉实深证基本面120ETF(159910)"
399803,"富国中证工业4.0指数C(014172), 富国中证工业4.0指数A(161031)"
399804,"富国中证体育产业指数C(013278), 富国中证体育产业指数A(161030)"
399805,
399806,"交银中证环境治理指数(LOF)C(013413), 交银中证环境治理指数(LOF)A(164908), 汇添富中证环境治理指数（LOF）A(501030), 汇添富中证环境治理指数（LOF）C(501031)"
399807,"鹏华中证高铁产业指数(LOF)C(015678), 南方中证高铁产业指数（LOF）(160135), 鹏华中证高铁产业指数(LOF)A(160639)"
399808,"天弘中证新能源指数增强A(012328), 天弘中证新能源指数增强C(012329), 南方中证新能源ETF联接A(012831), 南方中证新能源ETF联接C(012832), 东财中证新能源指数增强A(014237), 东财中证新能源指数增强C(014238), 华夏中证新能源ETF发起式联接A(017571), 华夏中证新能源ETF发起式联接C(017572), 易方达中证新能源ETF联接发起式A(019315), 易方达中证新能源ETF联接发起式C(019316), 博时中证新能源ETF发起式联接A(019855), 博时中证新能源ETF发起式联接C(019856), 易方达中证新能源ETF(516090), 南方中证新能源ETF(516160), 博时新能源ETF(516580), 华夏中证新能源ETF(516850), 嘉实中证新能源ETF(159875)"
399809,"方正富邦中证保险C(018099), 方正富邦中证保险A(167301)"
399812,"广发养老指数A(000968), 广发养老指数C(002982), 华宝养老ETF(516560)"
399814,"前海开源中证大农业指数增强A(001027), 前海开源中证大农业指数增强C(015484), 嘉实中证大农业ETF发起联接A(019279), 嘉实中证大农业ETF发起联接C(019280), 嘉实中证大农业ETF(516550)"
399850,"富国深证50ETF发起式联接A(020513), 富国深证50ETF发起式联接C(020514), 易方达深证50ETF联接发起式A(020517), 易方达深证50ETF联接发起式C(020518), 易方达深证50ETF(159150), 富国深证50ETF(159350)"
399965,"鹏华中证800地产指数(LOF)C(015674), 华宝中证800地产ETF(159707), 鹏华中证800地产指数(LOF)A(160628)"
399966,"鹏华中证800证券保险指数(LOF)C(015693), 保险证券(515630), 鹏华中证800证券保险指数(LOF)A(160625)"
399967,"前海开源中证军工指数A(000596), 前海开源中证军工指数C(002199), 广发中证军工ETF联接A(003017), 广发中证军工ETF联接C(005693), 易方达中证军工指数（LOF）C(012842), 富国中证军工指数C(013035), 申万菱信中证军工指数C(016209), 易方达中证军工指数（LOF）A(502003), 易方达中证军工ETF(512560), 国泰中证军工ETF(512660), 广发中证军工ETF(512680), 华宝中证军工ETF(512810), 富国中证军工指数A(161024), 申万菱信中证军工指数A(163115)"
399970,"富国中证移动互联网指数C(014173), 鹏华中证移动互联网指数(LOF)C(015676), 鹏华中证移动互联网指数(LOF)A(160636), 富国中证移动互联网指数A(161025)"
399971,"广发中证传媒ETF联接A(004752), 广发中证传媒ETF联接C(004753), 工银传媒指数C(010677), 鹏华中证传媒指数(LOF)C(015675), 广发中证传媒ETF联接E(018864), 博时中证传媒指数发起式A(020183), 博时中证传媒指数发起式C(020184), 工银传媒指数E(020407), 工银传媒指数A(164818), 广发中证传媒ETF(512980), 传媒ETF(159805), 鹏华中证传媒指数(LOF)A(160629)"
399973,"鹏华国防C(012041), 国防ETF(512670), 鹏华国防A(160630)"
399974,"英大国企改革(001678), 易方达中证国有企业改革指数（LOF）C(012873), 富国中证国有企业改革指数C(014174), 易方达中证国有企业改革指数（LOF）A(502006), 富国中证国有企业改革ETF(159528), 富国中证国有企业改革指数A(161026)"
399975,"南方中证全指证券公司ETF联接A(004069), 南方中证全指证券公司ETF联接C(004070), 华宝券商ETF联接(006098), 华宝券商ETF联接C(007531), 华夏中证全指证券公司ETF联接A(007992), 华夏中证全指证券公司ETF联接C(007993), 天弘中证全指证券公司ETF发起式联接A(008590), 天弘中证全指证券公司ETF发起式联接C(008591), 鹏华券商C(012044), 国泰中证全指证券公司ETF联接A(012362), 国泰中证全指证券公司ETF联接C(012363), 易方达中证全指证券公司ETF联接A(012590), 建信中证全指证券公司ETF发起式联接A(012645), 建信中证全指证券公司ETF发起式联接C(012646), 易方达中证全指证券公司ETF联接C(012700), 易方达中证全指证券公司指数（LOF）C(012874), 富国中证全指证券公司指数C(013276), 招商中证全指证券公司指数C(013597), 华安中证全指证券公司ETF联接C(014984), 嘉实中证全指证券公司指数发起式A(016842), 嘉实中证全指证券公司指数发起式C(016843), 博时证券公司指数C(018686), 长盛中证证券公司指数C(021556), 华安中证全指证券公司ETF联接A(160419), 博时证券公司指数A(160516), 汇添富中证全指证券公司ETF联接（LOF）A(501047), 汇添富中证全指证券公司ETF联接（LOF）C(501048), 易方达中证全指证券公司指数（LOF）A(502010), 长盛中证证券公司指数（LOF)A(502053), 华宝中证全指证券公司ETF(512000), 易方达中证全指证券公司ETF(512570), 国泰中证全指证券公司ETF(512880), 南方中证全指证券公司ETF(512900), 华夏中证全指证券公司ETF(515010), 建信中证全指证券公司ETF(515560), 富国中证全指证券公司ETF(515850), 华安中证全指证券公司ETF(516200), 汇添富中证全指证券公司ETF(560090), 天弘中证全指证券公司ETF(159841), 券商ETF(159842), 国联安证券ETF(159848), 鹏华券商A(160633), 富国中证全指证券公司指数A(161027), 招商中证全指证券公司指数A(161720)"
399976,"国泰中证新能源汽车ETF联接A(009067), 国泰中证新能源汽车ETF联接C(009068), 东财中证新能源车ETF发起式联接A(010805), 东财中证新能源车ETF发起式联接C(010806), 天弘中证新能源车A(011512), 天弘中证新能源车C(011513), 嘉实中证新能源汽车指数A(012543), 嘉实中证新能源汽车指数C(012544), 华夏中证新能源汽车ETF发起式联接A(013013), 华夏中证新能源汽车ETF发起式联接C(013014), 富国中证新能源汽车指数C(013048), 招商中证新能源汽车指数A(013195), 招商中证新能源汽车指数C(013196), 华安中证新能源汽车ETF发起式联接A(013319), 华安中证新能源汽车ETF发起式联接C(013320), 博时中证新能源汽车ETF发起式联接A(019090), 博时中证新能源汽车ETF发起式联接C(019091), 华夏中证新能源汽车ETF(515030), 华安中证新能源汽车ETF(516660), 新能源车龙头ETF(159637), 国泰中证新能源汽车ETF(159806), 博时新能源汽车ETF(159824), 富国中证新能源汽车指数A(161028)"
399983,"招商沪深300地产等权重指数C(013273), 招商沪深300地产等权重指数A(161721)"
399986,"天弘中证银行ETF联接A(001594), 天弘中证银行ETF联接C(001595), 南方中证银行ETF发起联接A(004597), 南方中证银行ETF发起联接C(004598), 华宝银行ETF联接C(006697), 汇添富中证银行ETF联接A(007153), 汇添富中证银行ETF联接C(007154), 华夏中证银行ETF联接A(008298), 华夏中证银行ETF联接C(008299), 易方达中证银行ETF联接（LOF）C(009860), 东财中证银行指数A(011971), 东财中证银行指数C(011972), 鹏华银行C(012042), 南方中证银行ETF发起联接E(012547), 富国中证银行指数C(013330), 招商中证银行指数C(014028), 华安中证银行ETF联接C(014983), 东财中证银行指数E(021129), 华安中证银行ETF联接A(160418), 博时中证银行指数A(160517), 招商中证银行指数A(161723), 华宝银行ETF联接A(240019), 南方中证银行ETF(512700), 银行FUND(512730), 华宝中证银行ETF(512800), 中证银行ETF(512820), 华夏中证银行ETF(515020), 富国中证银行ETF(515280), 天弘中证银行ETF(515290), 华安中证银行ETF(516210), 易方达中证银行ETF(516310), 鹏华银行A(160631), 富国中证银行指数A(161029), 易方达中证银行ETF联接（LOF）A(161121)"
399987,"鹏华酒C(012043), 酒ETF(512690), 鹏华酒A(160632)"
399989,"广发中证医疗ETF联接C(009881), 华宝医疗ETF联接C(012323), 国泰中证医疗ETF联接A(012634), 国泰中证医疗ETF联接C(012635), 嘉实中证医疗指数发起式A(014602), 嘉实中证医疗指数发起式C(014603), 易方达中证医疗ETF联接发起式A(017937), 易方达中证医疗ETF联接发起式C(017938), 博时中证医疗指数发起式A(018397), 博时中证医疗指数发起式C(018398), 国泰中证医疗ETF联接E(021681), 广发中证医疗ETF联接（LOF）A(502056), 华宝中证医疗ETF(512170), 广发中证医疗ETF(560260), 国泰中证医疗ETF(159828), 易方达中证医疗ETF(159847), 华宝医疗ETF联接A(162412)"
399990,"招商中证煤炭等权指数C(013596), 招商中证煤炭等权指数A(161724)"
399991,"鹏华中证一带一路主题指数(LOF)C(015677), 安信一带一路指数(167503), 鹏华中证一带一路主题指数(LOF)A(160638)"
399993,"易方达中证万得生物科技指数（LOF）C(010572), 易方达中证万得生物科技指数（LOF）A(161122)"
399994,"中信保诚中证信息安全指数（LOF）C(013083), 中信保诚中证信息安全指数（LOF）A(165523), 易方达中证信息安全主题ETF(562920), 嘉实中证信息安全主题ETF(159613)"
399995,"广发中证基建工程ETF联接A(005223), 广发中证基建工程ETF联接C(005224), 中信保诚中证基建工程指数(LOF)C(013082), 博时中证基建工程指数发起式A(020323), 博时中证基建工程指数发起式C(020324), 广发中证基建工程ETF(516970), 中信保诚中证基建工程指数(LOF)A(165525)"
399996,"中信保诚中证智能家居指数（LOF）C(013084), 中信保诚中证智能家居指数（LOF）A(165524)"
399997,"招商中证白酒指数C(012414), 招商中证白酒指数A(161725)"
399998,"国泰中证煤炭ETF联接A(008279), 国泰中证煤炭ETF联接C(008280), 富国中证煤炭指数C(013275), 国联煤炭C(016814), 国泰中证煤炭ETF(515223), 国泰中证煤炭ETF(515220), 富国中证煤炭指数A(161032), 国联煤炭A(168204)"
980015,"华夏国证疫苗与生物科技指数发起式A(016355), 华夏国证疫苗与生物科技指数发起式C(016356), 国泰国证疫苗与生物科技ETF发起联接A(017185), 国泰国证疫苗与生物科技ETF发起联接C(017186), 富国国证疫苗与生物科技ETF发起式联接A(021280), 富国国证疫苗与生物科技ETF发起式联接C(021281), 国泰国证疫苗与生物科技ETF(159643), 富国国证疫苗与生物科技ETF(159645), 疫苗ETF基金(159646), 生物疫苗ETF(159657)"
980017,"华夏国证半导体芯片ETF联接A(008887), 华夏国证半导体芯片ETF联接C(008888), 广发国证半导体芯片ETF联接A(012629), 广发国证半导体芯片ETF联接C(012630), 鹏华国证半导体芯片ETF联接A(012969), 鹏华国证半导体芯片ETF联接C(012970), 半导体龙头ETF(159665), 广发国证半导体芯片ETF(159801), 芯片(159813), 华夏国证半导体芯片ETF(159995)"
980030,"东财消费电子指数增强A(012319), 东财消费电子指数增强C(012320), 华夏国证消费电子主题ETF发起式联接A(018300), 华夏国证消费电子主题ETF发起式联接C(018301), 博时国证消费电子主题指数发起式A(020983), 博时国证消费电子主题指数发起式C(020984), 华夏国证消费电子主题ETF(159732)"
980032,"广发国证新能源车电池ETF发起联接A(013179), 广发国证新能源车电池ETF发起联接C(013180), 景顺长城国证新能源车电池ETF联接A(015871), 景顺长城国证新能源车电池ETF联接C(015872), 工银国证新能源车电池ETF发起式联接A(015873), 工银国证新能源车电池ETF发起式联接C(015874), 万家国证新能源车电池指数发起式A(018379), 万家国证新能源车电池指数发起式C(018380), 广发国证新能源车电池ETF(159755), 景顺长城国证新能源车电池ETF(159757), 兴银国证新能源车电池 ETF(159767), 建信国证新能源车电池ETF(159775), 锂电池ETF(159840)"
HSAHP,
HSCAIT,"汇丰晋信恒生龙头指数C(001149), 汇丰晋信恒生龙头指数A(540012)"
HSCCI,
HSCEI,"南方恒生中国企业ETF联接A(005554), 南方恒生中国企业ETF联接C(005555), 易方达恒生国企联接（QDII）C(005675), 易方达恒生国企联接（QDII）A(110031), 易方达恒生国企（QDII-ETF）(510900), 嘉实H股50ETF（QDII）(159823), 华夏恒生中国企业ETF（QDII）(159850), 南方恒生中国企业ETF(159954), 平安恒生中国企业ETF(159960), 嘉实H股指数（QDII-LOF）(160717), 银华恒生国企指数（QDII-LOF）(161831)"
HSCESI,
HSCGSI,"嘉实恒生消费指数发起（QDII）A(018200), 嘉实恒生消费指数发起（QDII）C(018201), 景顺长城恒生消费ETF联接（QDII）A(019102), 景顺长城恒生消费ETF联接（QDII）C(019103), 景顺长城恒生消费ETF（QDII）(513970), 广发恒生消费（QDII-ETF）(159699)"
HSCSOE,鹏华恒生中国央企ETF（QDII)(513170)
HSHCI,博时恒生医疗保健(QDII-ETF)(513060)
HSHDYI,
HSHK35,
HSHKBIO,"华夏恒生香港上市生物科技ETF发起式联接（QDII）A(016970), 华夏恒生香港上市生物科技ETF发起式联接（QDII）C(016971), 南方恒生香港上市生物科技ETF发起联接（QDII）A(018078), 南方恒生香港上市生物科技ETF发起联接（QDII）C(018079), 汇添富恒生香港上市生物科技ETF发起式联接（QDII）A(020634), 汇添富恒生香港上市生物科技ETF发起式联接（QDII）C(020635), 汇添富恒生香港上市生物科技ETF(513280), 南方恒生香港上市生物科技ETF（QDII）(159615), 华夏恒生香港上市生物科技ETF（QDII）(159892)"
HSHYLV,富国恒生港股通高股息低波动ETF（QDII）(513950)
HSI,"华夏恒生ETF联接A(000071), 华夏沪港通恒生ETF联接A(000948), 南方恒生指数ETF联接C(005659), 南方恒生指数ETF联接（LOF）A(501302), 南方恒生指数ETF(513600), 华夏沪港通恒生ETF(513660), 华夏恒生ETF(159920), 大成恒生指数（QDII-LOF）A(160924), 汇添富恒生指数(QDII-LOF) A(164705)"
HSIII,"华夏恒生互联网科技业ETF发起式联接（QDII）A(013171), 华夏恒生互联网科技业ETF发起式联接（QDII）C(013172), 华夏恒生互联网科技业ETF（QDII）(513330)"
HSLI,
HSLMI,
HSMCHYI,华夏恒生中国内地企业高股息率ETF(159726)
HSMI,"广发恒生中型股指数C(004996), 广发恒生中型股指数（LOF）A(501303)"
HSML25,"华宝香港大盘C(006355), 香港大盘LOF(501301)"
HSMSI,
HSSCHKY,"博时恒生高股息ETF发起式联接A(014519), 博时恒生高股息ETF发起式联接C(014520), 博时恒生高股息ETF(513690)"
HSSCNE,嘉实港股通新经济指数(LOF)A(501311)
HSSI,"易方达香港恒生综合小型股指数（QDII-LOF）C(006263), 易方达香港恒生综合小型股指数（QDII-LOF）A(161124)"
HSSSHID,天弘恒生沪深港创新药精选50ETF(517380)
HSTECH,"天弘恒生科技指数A(012348), 天弘恒生科技指数C(012349), 广发恒生科技ETF联接（QDII）A(012804), 华夏恒生科技ETF发起式联接（QDII）A(013402), 博时恒生科技ETF发起式联接（QDII）A(014438), 易方达恒生科技ETF（QDII）(513010), 恒生科技(513130), 华夏恒生科技ETF（QDII）(513180), 汇添富恒生科技ETF(513260), 华安恒生科技ETF(513580), 摩根恒生科技ETF(QDII)(513890), 大成恒生科技ETF（QDII）(159740), 嘉实恒生科技ETF（QDII）(159741), 博时恒生科技ETF（QDII）(159742)"
1000015,