2026-04-30,,,,Current drawdown,Largest drawdown,To lowest drawdown 📉🔽,To Highest required 📈🔼
QDII,026357,2026-01-30,平安港股医疗优选股票（QDII）(026357),-9.69%,-9.69%,0.00%,10.73%
QDII,022503,2024-11-05,富国全球债券（QDII）E,-3.41%,-3.41%,0.00%,3.53%
QDII,019630,2023-09-26,银华美元债精选债券（QDII）D,-2.87%,-2.87%,0.00%,2.96%
QDII,862001,2021-01-04,光大阳光香港精选混合（QDII）A,-58.71%,-58.71%,0.00%,142.20%
QDII,017970,2023-05-23,摩根海外稳健配置混合(QDII-FOF)(017970),-2.26%,-2.30%,0.05%,2.31%
QDII,873002,2020-12-02,广发资管全球精选一年持有期债券（QDII）,-0.14%,-0.34%,0.20%,0.14%
QDII,022512,2024-11-06,南方亚洲美元收益债券（QDII）E（人民币）,-3.00%,-3.26%,0.27%,3.09%
QDII,022374,2024-10-30,富国亚洲收益债券（QDII）E,-2.45%,-2.71%,0.27%,2.51%
QDII,023242,2025-03-07,中欧恒生消费指数发起（QDII）(023242),-17.40%,-17.81%,0.50%,21.07%
QDII,520520,2024-10-25,华泰柏瑞恒生消费ETF（QDII)(520520),-17.44%,-18.23%,0.96%,21.13%
QDII,024393,2025-07-21,永赢恒生消费指数发起（QDII）(024393),-16.33%,-17.19%,1.03%,19.52%
QDII,026703,2026-03-27,长城港股价值优选股票（QDII）(026703),-0.40%,-1.52%,1.12%,0.40%
QDII,023764,2025-03-31,华夏恒生互联网科技业ETF发起式联接（QDII）D,-30.76%,-31.55%,1.15%,44.42%
QDII,159202,2025-04-03,万家恒生互联网科技业ETF(QDII)(159202),-32.17%,-32.99%,1.22%,47.42%
QDII,025162,2025-08-11,国泰大宗商品（QDII-LOF）D,-10.64%,-11.86%,1.37%,11.90%
QDII,019936,2024-02-08,华安恒生互联网科技业ETF发起式联接（QDII）(019936),-30.09%,-31.07%,1.41%,43.03%
QDII,025787,2026-01-30,大成港股恒信混合（QDII）(025787),-7.32%,-9.77%,2.63%,7.90%
QDII,159100,2025-11-07,华夏布拉德斯科巴西伊博维斯帕ETF（QDII）(159100),-7.28%,-9.97%,2.90%,7.86%
QDII,520580,2025-01-16,招商利安新兴亚洲精选ETF（QDII）(520580),-8.77%,-11.50%,2.99%,9.61%
QDII,020743,2024-04-03,广发恒生消费ETF发起式联接（QDII）(020743),-17.88%,-20.65%,3.38%,21.77%
QDII,520870,2025-11-07,易方达伊塔乌巴西IBOVESPA ETF（QDII）(520870),-7.08%,-10.29%,3.45%,7.62%
QDII,024166,2025-07-25,西部利得恒生科技指数（QDII）(024166),-26.18%,-28.74%,3.47%,35.47%
QDII,022121,2024-10-11,国泰海通中证香港科技指数发起（QDII）(022121),-25.36%,-28.01%,3.56%,33.97%
QDII,026206,2026-01-16,宝盈恒生科技指数（QDII）(026206),-11.02%,-14.23%,3.61%,12.38%
QDII,023763,2025-03-31,华夏恒生科技ETF发起式联接（QDII）D,-27.09%,-29.72%,3.61%,37.16%
QDII,023034,2025-01-17,中欧恒生科技指数发起(QDII)(023034),-26.15%,-28.88%,3.70%,35.40%
QDII,022005,2024-09-04,广发恒生科技ETF联接（QDII）F,-27.00%,-29.70%,3.70%,36.99%
QDII,020988,2024-05-24,南方恒生科技ETF发起联接（QDII）(020988),-26.58%,-29.31%,3.72%,36.20%
QDII,022680,2024-11-26,华泰柏瑞恒生科技ETF联接（QDII）I,-26.50%,-29.28%,3.79%,36.05%
QDII,022647,2024-11-19,华安恒生科技ETF发起式联接（QDII）I,-27.29%,-30.10%,3.86%,37.53%
QDII,021633,2024-08-02,招商中证香港科技ETF发起式联接（QDII）(021633),-24.55%,-27.47%,3.88%,32.53%
QDII,008095,2020-06-08,中银亚太精选债券（QDII）(008095),-2.05%,-5.85%,3.88%,2.09%
QDII,520920,2025-09-26,恒生科技ETF天弘(520920),-28.11%,-30.91%,3.90%,39.09%
QDII,520570,2025-10-31,南方恒生科技ETF（QDII）(520570),-20.92%,-24.01%,3.91%,26.45%
QDII,007204,2019-05-27,银华美元债精选债券(QDII)(007204),-2.75%,-6.65%,4.01%,2.83%
QDII,024148,2025-06-19,长城恒生科技指数（QDII）(024148),-25.57%,-28.98%,4.58%,34.35%
QDII,019102,2023-11-03,景顺长城恒生消费ETF联接（QDII） (019102),-17.05%,-20.88%,4.62%,20.55%
QDII,025654,2025-10-17,富国医药精选混合（QDII）(025654),-6.72%,-11.23%,4.83%,7.21%
QDII,025339,2025-08-26,招商普盛全球配置（QDII）人民币D,-2.92%,-7.65%,4.87%,3.01%
QDII,019230,2024-04-26,广发全球稳健配置混合（QDII）(019230),-1.11%,-6.53%,5.48%,1.13%
QDII,022170,2024-09-18,富国全球消费精选混合（QDII）E,-6.57%,-11.83%,5.63%,7.03%
QDII,018577,2023-07-18,摩根恒生科技ETF发起式联接(QDII)(018577),-26.31%,-30.46%,5.64%,35.70%
QDII,024055,2025-06-27,大成恒生医疗保健ETF发起式联接（QDII）(024055),-22.08%,-26.69%,5.93%,28.33%
QDII,003972,2017-01-25,国富美元债一年持有期债券（QDII）(003972),-8.94%,-14.84%,6.48%,9.81%
QDII,007360,2019-06-05,易方达中短期美元债债券(QDII)(007360),-2.71%,-9.46%,6.94%,2.78%
QDII,003385,2017-01-23,工银全球美元债(003385),-6.17%,-12.73%,7.00%,6.57%
QDII,008367,2020-04-07,富国亚洲收益债券（QDII）(008367),-2.35%,-9.86%,7.69%,2.41%
QDII,000274,2013-11-28,广发亚太中高收益债券（QDII）(000274),-12.87%,-19.77%,7.92%,14.77%
QDII,002426,2016-06-03,华安全球美元票息债券(002426),-3.50%,-11.29%,8.08%,3.62%
QDII,002391,2016-03-23,华安全球美元收益债券(002391),-3.31%,-11.57%,8.54%,3.42%
QDII,004419,2017-04-20,汇添富美元债债券(QDII)(004419),-8.32%,-16.35%,8.75%,9.08%
QDII,002286,2015-12-30,中银美元债债券（QDII）(002286),-3.68%,-12.71%,9.37%,3.82%
QDII,002400,2016-03-03,南方亚洲美元收益债券（QDII）(002400),-15.51%,-23.50%,9.46%,18.35%
QDII,002287,2015-12-30,中银美元债债券（QDII）美元份额,-1.61%,-11.24%,9.79%,1.64%
QDII,873013,2020-12-02,广发资管全球精选一年持有期债券A,-0.60%,-11.40%,10.86%,0.61%
QDII,008751,2020-03-25,大成全球美元债债券(008751),-3.22%,-13.89%,11.02%,3.33%
QDII,002877,2016-07-27,华夏大中华信用债券(QDII)(002877),-1.91%,-12.75%,11.05%,1.95%
QDII,011940,2021-04-16,大成全球美元债A美元,-8.20%,-18.66%,11.39%,8.93%
QDII,050030,2013-02-01,博时亚洲票息收益债券(050030),-2.83%,-15.12%,12.65%,2.91%
QDII,005243,2017-11-27,融通中国概念债券(QDII)(005243),-2.64%,-15.03%,12.73%,2.71%
QDII,000369,2013-12-10,广发全球医疗保健指数（QDII）(000369),-10.90%,-22.63%,13.16%,12.24%
QDII,000342,2013-11-26,嘉实新兴市场债券(000342),-9.26%,-21.99%,14.04%,10.20%
QDII,001061,2012-12-07,华夏收益债券（QDII）(001061),-2.46%,-17.07%,14.99%,2.52%
QDII,501300,2016-11-28,海富通美元债（QDII）(501300),-13.77%,-27.11%,15.47%,15.97%
QDII,007729,2020-01-19,招商普盛全球配置（QDII）(007729),-2.92%,-19.23%,16.80%,3.01%
QDII,000290,2013-10-22,鹏华全球高收益债(QDII)(000290),-37.26%,-48.22%,17.47%,59.38%
QDII,161126,2016-11-28,易方达标普医疗保健指数(QDII-LOF)(161126),-11.29%,-28.28%,19.15%,12.73%
QDII,003629,2016-12-19,摩根全球多元配置(QDII-FOF)(003629),-1.34%,-21.58%,20.52%,1.36%
QDII,513800,2019-06-12,南方顶峰TOPIX ETF（QDII）(513800),-8.33%,-27.36%,20.76%,9.08%
QDII,006105,2019-01-30,宏利印度股票(QDII)(006105),-18.84%,-36.30%,21.51%,23.22%
QDII,007280,2019-07-26,摩根日本精选股票(QDII)(007280),-6.33%,-26.56%,21.59%,6.76%
QDII,206011,2011-11-25,鹏华美国房地产（QDII）(206011),-14.10%,-32.83%,21.80%,16.41%
QDII,000103,2013-04-26,国泰中国企业境外高收益债券（QDII）(000103),-46.71%,-58.73%,22.55%,87.67%
QDII,159823,2020-09-24,嘉实H股50ETF（QDII）,-39.42%,-53.37%,23.02%,65.07%
QDII,164824,2018-06-15,印度基金LOF(164824),-20.21%,-38.78%,23.27%,25.33%
QDII,118002,2012-06-04,易方达标普消费品指数增强（QDII）(118002),-15.13%,-35.04%,23.46%,17.83%
QDII,159822,2020-09-29,新经济(159822),-48.25%,-61.10%,24.82%,93.25%
QDII,011583,2021-05-06,大成港股精选混合（QDII）(011583),-17.18%,-38.63%,25.90%,20.75%
QDII,002230,2016-01-20,华夏大中华混合（QDII）(002230),-50.12%,-63.25%,26.32%,100.48%
QDII,000043,2013-06-14,嘉实美国成长股票（QDII）(000043),-0.98%,-28.64%,27.93%,0.99%
QDII,513880,2019-06-12,华安日经225ETF(513880),-2.46%,-29.83%,28.06%,2.52%
QDII,513520,2019-06-12,华夏野村日经225ETF(513520),-2.80%,-30.14%,28.13%,2.88%
QDII,162415,2016-03-18,美国消费(162415),-7.95%,-33.90%,28.19%,8.64%
QDII,000614,2014-08-12,华安国际龙头（DAX）ETF联接(000614),-7.94%,-34.03%,28.34%,8.63%
QDII,161128,2016-12-13,易方达标普信息科技指数(QDII-LOF)(161128),-2.21%,-30.03%,28.45%,2.26%
QDII,161130,2017-06-23,易方达纳斯达克100ETF联接（QDII-LOF）(161130),-0.48%,-28.91%,28.57%,0.49%
QDII,004877,2017-08-16,汇添富全球医疗混合(QDII)(004877),-16.90%,-41.01%,29.01%,20.34%
QDII,270042,2012-08-15,广发纳指100ETF联接（QDII）(270042),-0.54%,-29.47%,29.09%,0.54%
QDII,150170,2014-03-06,恒生B,-33.03%,-52.56%,29.17%,49.31%
QDII,513000,2019-06-12,易方达奥明日经225ETF（QDII）(513000),-2.56%,-31.19%,29.39%,2.63%
QDII,513100,2013-04-25,国泰纳斯达克100（QDII-ETF）(513100),-0.52%,-30.03%,29.67%,0.53%
QDII,000834,2014-11-13,大成纳斯达克100ETF联接（QDII）(000834),-0.58%,-30.11%,29.70%,0.58%
QDII,012208,2021-06-18,华夏港股前沿经济混合（QDII）(012208),-32.86%,-52.86%,29.79%,48.94%
QDII,012379,2021-06-30,创金合信港股互联网3个月持有期混合（QDII）(012379),-36.34%,-55.38%,29.91%,57.08%
QDII,159941,2015-06-10,广发纳指100ETF(159941),-0.57%,-30.43%,30.03%,0.57%
QDII,000179,2013-08-09,广发美国房地产指数（QDII）(000179),-1.25%,-31.02%,30.15%,1.27%
QDII,050025,2012-06-14,博时标普500ETF联接(050025),-0.48%,-30.50%,30.17%,0.48%
QDII,070031,2012-07-24,嘉实全球房地产(QDII)(070031),-5.62%,-34.15%,30.23%,5.96%
QDII,513300,2020-10-22,华夏纳斯达克100ETF（QDII）(513300),-0.49%,-30.60%,30.26%,0.49%
QDII,004998,2017-12-11,长信全球债券(QDII)(004998),-3.12%,-32.54%,30.37%,3.22%
QDII,001092,2015-03-30,广发生物科技指数（QDII）(001092),-6.45%,-35.21%,30.74%,6.90%
QDII,007721,2019-09-24,天弘标普500发起（QDII-FOF）(007721),-0.41%,-31.07%,30.79%,0.41%
QDII,040046,2013-08-02,华安纳斯达克100ETF联接（QDII）(040046),-0.51%,-31.24%,30.89%,0.51%
QDII,008707,2020-01-10,建信富时100指数（QDII）A,-4.02%,-33.79%,31.02%,4.19%
QDII,161229,2015-12-21,国投瑞银中国价值发现股票(QDII-LOF)(161229),-12.60%,-39.76%,31.08%,14.41%
QDII,006282,2018-10-31,摩根欧洲动力策略股票(QDII)(006282),-5.21%,-34.83%,31.25%,5.49%
QDII,513330,2021-01-26,华夏恒生互联网科技业ETF（QDII）(513330),-61.11%,-73.34%,31.45%,157.14%
QDII,004999,2017-12-11,长信全球债券（QDII）美元份额,-6.48%,-36.23%,31.81%,6.93%
QDII,006555,2019-01-29,浦银安盛全球智能科技（QDII）(006555),-2.96%,-34.38%,32.38%,3.05%
QDII,006445,2019-02-12,华夏全球聚享(QDII)(006445),-2.71%,-34.22%,32.39%,2.79%
QDII,161125,2016-12-02,易方达标普500指数(QDII-LOF)(161125),-0.48%,-32.93%,32.60%,0.48%
QDII,513500,2013-12-05,博时标普500ETF(513500),-0.51%,-32.95%,32.61%,0.51%
QDII,100061,2012-09-04,富国中国中小盘混合（QDII）(100061),-6.63%,-37.49%,33.05%,7.10%
QDII,006373,2018-11-20,国富全球科技互联混合(QDII)(006373),-1.77%,-34.53%,33.35%,1.80%
QDII,002423,2016-03-18,华宝美国消费美元,-5.95%,-38.48%,34.59%,6.33%
QDII,161124,2016-11-02,易方达香港恒生综合小型股指数(QDII-LOF)(161124),-27.55%,-53.05%,35.20%,38.02%
QDII,008763,2020-01-20,天弘越南市场股票发起（QDII）(008763),-9.19%,-41.60%,35.69%,10.12%
QDII,001984,2016-04-28,摩根中国生物医药混合(QDII)(001984),-48.10%,-66.78%,36.00%,92.67%
QDII,006308,2018-09-20,汇添富全球消费混合(QDII)(006308),-29.77%,-55.14%,36.12%,42.39%
QDII,164906,2015-05-27,交银中证海外中国互联网指数（QDII-LOF）(164906),-59.72%,-74.38%,36.39%,148.26%
QDII,513030,2014-08-08,华安德国（DAX）ETF(513030),-7.78%,-41.44%,36.50%,8.43%
QDII,164705,2014-03-06,汇添富恒生指数（QDII-LOF）(164705),-8.27%,-41.77%,36.53%,9.01%
QDII,513130,2021-05-24,华泰柏瑞南方东英恒生科技指数ETF（QDII）(513130),-40.34%,-63.29%,38.48%,67.61%
QDII,159740,2021-05-18,恒生科技(159740),-40.02%,-63.10%,38.48%,66.73%
QDII,513580,2021-05-20,华安恒生科技ETF(513580),-39.44%,-62.86%,38.67%,65.12%
QDII,159741,2021-05-26,嘉实恒生科技ETF（QDII）(159741),-39.67%,-63.07%,38.77%,65.77%
QDII,011420,2021-03-03,广发全球科技三个月定开混合（QDII）(011420),-4.64%,-41.68%,38.84%,4.86%
QDII,159742,2021-05-17,博时恒生科技ETF(QDII)(159742),-39.24%,-63.16%,39.38%,64.58%
QDII,513180,2021-05-18,华夏恒生科技ETF（QDII）(513180),-39.75%,-63.53%,39.46%,65.98%
QDII,000988,2015-04-15,嘉实全球互联网股票型证券投资基金-人民币,-11.60%,-46.59%,39.58%,13.12%
QDII,160140,2017-10-26,南方道琼斯美国精选REIT指数（QDII-LOF）(160140),-1.80%,-41.06%,39.97%,1.84%
QDII,159920,2012-08-09,华夏恒生ETF(159920),-9.22%,-45.60%,40.07%,10.16%
QDII,513010,2021-05-18,易方达恒生科技ETF（QDII）(513010),-37.69%,-62.87%,40.41%,60.48%
QDII,161831,2014-04-09,银华恒生国企指数（QDII-LOF）(161831),-41.80%,-65.41%,40.57%,71.82%
QDII,007455,2019-08-02,富国蓝筹精选股票(QDII)(007455),-8.62%,-45.88%,40.78%,9.43%
QDII,161620,2013-02-05,融通核心价值混合（QDII）(161620),-16.10%,-50.35%,40.83%,19.18%
QDII,005613,2018-04-26,摩根富时发达市场REITs指数(QDII)(005613),-1.80%,-41.98%,40.91%,1.83%
QDII,000071,2012-08-21,华夏恒生ETF联接(000071),-9.30%,-46.41%,40.92%,10.25%
QDII,160924,2017-08-10,大成恒生指数(QDII-LOF)(160924),-9.47%,-46.77%,41.20%,10.46%
QDII,001668,2017-01-25,汇添富全球移动互联混合（QDII）(001668),-1.18%,-42.04%,41.34%,1.20%
QDII,006327,2019-01-18,易方达中证海外中国互联网50ETF联接(QDII)(006327),-51.12%,-71.34%,41.37%,104.59%
QDII,110031,2012-08-21,易方达恒生国企ETF联接(QDII)(110031),-19.78%,-53.02%,41.44%,24.65%
QDII,513360,2021-06-08,博时全球中国教育(QDII-ETF)(513360),-50.60%,-71.16%,41.61%,102.45%
QDII,510900,2012-08-09,易方达恒生国企(QDII-ETF)(510900),-19.89%,-53.43%,41.87%,24.83%
QDII,009108,2020-04-23,富国红利精选混合（QDII）(009108),-3.40%,-44.04%,42.08%,3.52%
QDII,513050,2017-01-04,易方达中证海外中国互联网50(QDII-ETF)(513050),-53.14%,-73.37%,43.17%,113.38%
QDII,159850,2021-02-01,华夏恒生中国企业ETF（QDII）(159850),-18.07%,-53.66%,43.44%,22.06%
QDII,513060,2021-03-18,博时恒生医疗保健（QDII-ETF）(513060),-53.62%,-73.81%,43.54%,115.59%
QDII,009225,2020-05-27,天弘中证中美互联网(009225),-16.94%,-53.38%,43.87%,20.40%
QDII,539003,2012-06-26,建信富时100指数（QDII）(539003),-4.77%,-46.83%,44.17%,5.00%
QDII,457001,2012-02-22,国富亚洲机会股票（QDII）(457001),0.00%,-44.71%,44.71%,0.00%
QDII,000989,2015-04-15,嘉实全球互联网股票型证券投资基金-美元,-13.34%,-52.19%,44.83%,15.39%
QDII,005699,2018-05-10,工银新经济混合(005699),-13.19%,-52.44%,45.21%,15.20%
QDII,002379,2016-03-09,工银香港中小盘(002379),-23.79%,-59.15%,46.40%,31.22%
QDII,000934,2015-02-03,国富大中华精选混合（QDII）(000934),-0.23%,-46.64%,46.51%,0.23%
QDII,161127,2016-12-13,易方达标普生物科技指数(QDII-LOF)(161127),-22.81%,-60.00%,48.18%,29.56%
QDII,160416,2012-03-29,华安标普全球石油指数（LOF）(160416),-3.59%,-52.32%,50.55%,3.73%
QDII,010644,2020-12-24,富国全球健康生活主题混合（QDII）(010644),-14.68%,-57.84%,50.59%,17.20%
QDII,008253,2019-11-27,华宝致远混合(008253),-1.73%,-51.56%,50.71%,1.76%
QDII,160644,2017-11-16,鹏华港美互联股票(LOF)(160644),-0.69%,-52.14%,51.81%,0.69%
QDII,005534,2018-05-30,华夏新时代混合(QDII)(005534),-19.25%,-61.75%,52.63%,23.83%
QDII,005698,2018-04-17,华夏全球科技先锋混合(QDII)(005698),-3.08%,-54.28%,52.82%,3.18%
QDII,008284,2020-01-20,易方达全球医药行业混合(QDII)(008284),-33.43%,-69.42%,54.07%,50.22%
QDII,002891,2016-12-14,华夏移动互联混合（QDII）(002891),-25.76%,-66.11%,54.35%,34.69%
QDII,001691,2015-09-30,南方香港成长灵活配置混合(001691),-14.86%,-61.27%,54.51%,17.45%
QDII,003243,2016-11-11,摩根中国世纪混合(QDII)(003243),-10.40%,-60.62%,56.04%,11.61%
QDII,378546,2012-03-26,摩根全球天然资源混合(QDII)(378546),-6.46%,-64.57%,62.12%,6.91%
QDII,162719,2017-02-28,广发道琼斯石油指数（QDII-LOF）(162719),-6.06%,-65.70%,63.49%,6.45%
QDII,160723,2017-04-20,嘉实原油（QDII-LOF）(160723),0.00%,-74.40%,74.40%,0.00%
QDII,501018,2016-06-15,南方原油（QDII-FOF-LOF）(501018),0.00%,-76.49%,76.49%,0.00%
QDII,165513,2011-12-20,中信保诚全球商品主题（QDII-FOF-LOF）(165513),-15.25%,-81.74%,78.45%,17.99%
QDII,001481,2015-06-17,华宝油气美元,-5.35%,-80.66%,79.57%,5.65%
QDII,150176,2014-04-09,恒中企B,nan%,-72.74%,nan%,nan%
QDII,150175,2014-04-09,恒中企A,nan%,-0.18%,nan%,nan%
QDII,150169,2014-03-06,恒生A,nan%,0.00%,nan%,nan%
QDII,100050,2010-10-20,富国全球债券（QDII）(100050),-3.31%,-9.38%,6.28%,3.42%
QDII,159557,2024-05-10,嘉实恒生医疗保健ETF（QDII）(159557),-23.29%,-28.41%,6.68%,30.36%
QDII,159303,2024-06-21,恒生医疗ETF基金(159303),-23.51%,-28.65%,6.73%,30.73%
QDII,022325,2025-03-13,长城中证港股通高股息指数发起（QDII）(022325),-2.57%,-9.17%,6.77%,2.64%
QDII,023373,2025-02-12,建信富时100指数D(人民币),-4.93%,-11.50%,6.91%,5.18%
QDII,021658,2024-11-22,华安恒生生物科技指数发起式（QDII）(021658),-20.93%,-26.45%,6.99%,26.47%
QDII,520830,2024-07-05,华泰柏瑞南方东英沙特阿拉伯ETF(QDII)(520830),-10.42%,-16.80%,7.13%,11.63%
QDII,159329,2024-07-05,南方基金南方东英沙特阿拉伯ETF（QDII）(159329),-10.06%,-16.53%,7.19%,11.19%
QDII,021053,2024-04-25,南方恒生香港上市生物科技ETF发起联接（QDII）I,-21.36%,-27.27%,7.51%,27.17%
QDII,020634,2024-03-01,汇添富恒生生物科技ETF发起式联接（QDII）(020634),-20.86%,-26.80%,7.51%,26.35%
QDII,159561,2024-04-03,嘉实德国DAX ETF（QDII）(159561),-7.67%,-14.63%,7.54%,8.31%
QDII,019155,2023-09-05,易方达全球配置混合（QDII）(019155),-1.82%,-9.36%,7.69%,1.85%
QDII,018155,2023-11-17,创金合信全球医药生物股票发起（QDII）(018155),-13.57%,-20.73%,8.28%,15.70%
QDII,023073,2025-01-17,国泰海通中证港股通高股息投资指数发起（QDII）(023073),-4.19%,-12.20%,8.36%,4.37%
QDII,025587,2025-11-28,光大保德信阳光香港精选混合（QDII）(025587),-8.77%,-16.40%,8.37%,9.61%
QDII,513220,2022-07-04,招商中证全球中国互联网ETF（QDII）(513220),-30.19%,-36.17%,8.56%,43.25%
QDII,019415,2023-10-27,南方港股医药行业混合发起（QDII）(019415),-22.36%,-29.11%,8.69%,28.81%
QDII,513260,2022-08-31,汇添富恒生科技ETF(513260),-27.80%,-34.46%,9.23%,38.50%
QDII,018523,2023-06-28,华泰紫金恒生互联网科技业指数型发起基金(QDII)(018523),-31.31%,-37.68%,9.28%,45.58%
QDII,012570,2022-09-21,建信恒生科技指数发起（QDII）(012570),-26.72%,-33.68%,9.50%,36.45%
QDII,015310,2022-08-23,华泰柏瑞恒生科技ETF联接（QDII）(015310),-26.44%,-33.44%,9.52%,35.94%
QDII,025070,2025-09-19,东方红医疗创新混合（QDII）(025070),-9.24%,-18.12%,9.78%,10.18%
QDII,520500,2024-12-20,华泰柏瑞恒生创新药ETF(QDII)(520500),-25.73%,-32.99%,9.78%,34.64%
QDII,021583,2024-07-03,中欧中证港股通央企红利指数发起(QDII)(021583),-4.47%,-13.94%,9.91%,4.68%
QDII,159699,2023-08-10,广发恒生消费（QDII-ETF）(159699),-17.66%,-25.92%,10.04%,21.44%
QDII,513950,2023-04-19,富国恒生港股通高股息低波动ETF（QDII）(513950),-5.63%,-15.38%,10.34%,5.96%
QDII,110011,2008-06-19,易方达优质精选混合（QDII）(110011),-42.82%,-48.78%,10.43%,74.87%
QDII,513210,2024-04-12,易方达恒生ETF（QDII）(513210),-9.69%,-19.65%,11.03%,10.73%
QDII,020621,2024-03-08,华夏中证香港内地国有企业ETF发起式联接（QDII）(020621),-1.49%,-13.02%,11.71%,1.51%
QDII,159688,2023-01-17,华安恒生互联网科技业ETF（QDII）(159688),-31.91%,-40.32%,12.36%,46.85%
QDII,513170,2024-04-12,鹏华恒生中国央企ETF（QDII）(513170),-1.60%,-13.87%,12.47%,1.62%
QDII,159519,2023-08-23,国泰中证香港内地国有企业ETF（QDII）(159519),-1.03%,-13.39%,12.49%,1.04%
QDII,513810,2023-08-21,华夏中证香港内地国有企业ETF（QDII）(513810),-1.45%,-13.78%,12.51%,1.47%
QDII,021189,2024-05-23,南方亚太精选ETF联接（QDII）(021189),-1.89%,-14.25%,12.61%,1.92%
QDII,513400,2024-01-17,道琼斯ETF(513400),-3.64%,-15.92%,12.75%,3.78%
QDII,024237,2025-05-13,博时纳斯达克100ETF发起式联接（QDII）I,-0.49%,-13.27%,12.83%,0.50%
QDII,159687,2022-12-16,南方基金南方东英富时亚太低碳精选ETF(QDII)(159687),-2.22%,-15.30%,13.37%,2.27%
QDII,026228,2025-12-03,富国全球科技互联网股票（QDII）D,-0.60%,-14.37%,13.85%,0.60%
QDII,513730,2023-11-15,华泰柏瑞南方东英新交所泛东南亚科技ETF(QDII)(513730),-17.34%,-29.27%,14.43%,20.98%
QDII,022524,2024-11-01,天弘越南市场股票发起（QDII）D,-9.32%,-22.61%,14.66%,10.28%
QDII,159529,2024-01-24,景顺长城标普消费精选ETF(QDII)(159529),-3.86%,-18.28%,15.00%,4.02%
QDII,025174,2025-08-22,长城港股医疗保健精选混合发起（QDII）(025174),-16.20%,-29.23%,15.55%,19.33%
QDII,018336,2023-07-18,华夏恒生中国企业ETF发起式联接（QDII）(018336),-12.62%,-26.77%,16.20%,14.44%
QDII,013363,2022-09-21,大成中国优势混合（QDII）(013363),-17.26%,-30.80%,16.37%,20.86%
QDII,022523,2024-11-01,天弘标普500发起（QDII-FOF）D,-0.41%,-16.99%,16.65%,0.41%
QDII,013328,2021-11-23,嘉实全球价值股票（QDII）(013328),-0.59%,-17.48%,16.99%,0.59%
QDII,017641,2023-04-06,摩根标普500指数发起式(QDII)(017641),-0.44%,-17.40%,17.04%,0.44%
QDII,017894,2023-03-14,汇添富纳斯达克生物科技ETF发起式联接（QDII）(017894),-6.01%,-22.08%,17.10%,6.40%
QDII,018738,2023-07-06,博时标普500ETF联接E,-0.48%,-17.64%,17.24%,0.48%
QDII,015282,2022-04-19,华安恒生科技ETF发起式联接（QDII）(015282),-27.28%,-39.84%,17.27%,37.51%
QDII,018064,2023-05-10,华夏标普500ETF发起式联接（QDII）(018064),-0.42%,-17.64%,17.29%,0.42%
QDII,017028,2022-11-02,国泰标普500ETF发起联接（QDII）(017028),-0.47%,-17.90%,17.52%,0.47%
QDII,513970,2023-04-12,景顺长城恒生消费ETF（QDII）(513970),-17.38%,-31.90%,17.57%,21.04%
QDII,018200,2023-04-11,嘉实恒生消费指数发起（QDII）(018200),-17.28%,-31.87%,17.63%,20.89%
QDII,019265,2023-10-26,南方港股数字经济混合发起（QDII）(019265),-7.45%,-23.89%,17.76%,8.05%
QDII,016199,2022-09-02,汇添富全球汽车产业升级混合(QDII)(016199),-12.65%,-28.16%,17.76%,14.49%
QDII,513290,2022-08-15,汇添富纳斯达克生物科技ETF(513290),-6.30%,-23.08%,17.91%,6.72%
QDII,159655,2022-10-12,华夏标普500ETF（QDII）(159655),-0.46%,-18.38%,18.00%,0.46%
QDII,513650,2023-03-23,南方标普500ETF（QDII）(513650),-0.51%,-18.56%,18.14%,0.52%
QDII,159612,2022-05-09,国泰标普500ETF(159612),-0.50%,-18.58%,18.17%,0.50%
QDII,013308,2022-04-29,易方达恒生科技ETF联接（QDII）(013308),-26.60%,-39.99%,18.24%,36.24%
QDII,513140,2022-12-26,华泰柏瑞中证港股通金融服务ETF(QDII)(513140),-3.98%,-21.68%,18.43%,4.15%
QDII,019075,2023-11-17,嘉实全球产业精选混合发起式（QDII）(019075),-1.58%,-19.79%,18.51%,1.60%
QDII,022681,2024-11-26,华泰柏瑞中韩半导体ETF发起式联接（QDII）I,0.00%,-18.73%,18.73%,0.00%
QDII,519981,2011-03-30,长信标普100等权重指数（QDII）(519981),-0.38%,-19.42%,19.11%,0.38%
QDII,023402,2025-02-18,广发全球精选股票（QDII）人民币F,-1.92%,-20.72%,19.16%,1.96%
QDII,020712,2024-02-08,华安三菱日联日经225ETF发起式联接（QDII）(020712),-2.33%,-21.17%,19.29%,2.39%
QDII,018229,2023-11-03,易方达全球优质企业混合（QDII）(018229),-0.84%,-20.02%,19.34%,0.84%
QDII,320017,2011-09-23,诺安全球收益不动产（QDII）(320017),-18.14%,-33.98%,19.34%,22.16%
QDII,019670,2023-11-03,广发中证香港创新药ETF发起式联接（QDII）(019670),-20.79%,-36.51%,19.85%,26.24%
QDII,012920,2022-01-11,易方达全球成长精选混合（QDII）(012920),-0.12%,-20.18%,20.08%,0.12%
QDII,018078,2023-05-30,南方恒生生物科技ETF发起联接（QDII）(018078),-21.36%,-37.33%,20.31%,27.16%
QDII,019441,2023-09-27,万家纳斯达克100指数发起式（QDII）(019441),-0.45%,-21.00%,20.65%,0.45%
QDII,023422,2025-02-12,建信纳斯达克100指数（QDII）D人民币,-0.53%,-21.19%,20.77%,0.53%
QDII,016055,2022-07-26,博时纳斯达克100ETF发起式联接（QDII）(016055),-0.49%,-21.35%,20.96%,0.49%
QDII,019736,2024-03-28,宝盈纳斯达克100指数发起（QDII）(019736),-0.51%,-21.37%,20.97%,0.51%
QDII,018043,2023-04-11,天弘纳斯达克100指数发起（QDII）(018043),-0.49%,-21.36%,20.97%,0.49%
QDII,019172,2023-09-25,摩根纳斯达克100指数(QDII)(019172),-0.52%,-21.44%,21.04%,0.52%
QDII,513380,2022-04-27,广发恒生科技（QDII-ETF）(513380),-28.16%,-43.39%,21.20%,39.20%
QDII,022525,2024-11-01,天弘纳斯达克100指数发起（QDII）D,-0.50%,-21.61%,21.22%,0.50%
QDII,021000,2024-03-20,南方纳斯达克100指数发起（QDII）I,-0.51%,-21.67%,21.27%,0.51%
QDII,016452,2022-11-29,南方纳斯达克100指数发起（QDII）(016452),-0.51%,-21.68%,21.28%,0.51%
QDII,019547,2023-12-01,招商纳斯达克100ETF发起式联接（QDII）(019547),-0.49%,-21.76%,21.37%,0.50%
QDII,018966,2023-08-02,汇添富纳斯达克100ETF发起式联接（QDII）(018966),-0.49%,-21.80%,21.41%,0.49%
QDII,021773,2024-07-04,汇添富纳斯达克100ETF发起式联接（QDII）人民币E,-0.49%,-21.82%,21.44%,0.49%
QDII,018432,2023-05-11,嘉实恒生医疗保健ETF发起联接（QDII）(018432),-22.29%,-39.00%,21.51%,28.68%
QDII,015299,2022-04-14,华夏纳斯达克100ETF发起式联接（QDII）(015299),-0.45%,-21.88%,21.53%,0.45%
QDII,021838,2024-07-19,嘉实纳斯达克100ETF发起联接（QDII）人民币I,-0.46%,-21.95%,21.58%,0.46%
QDII,016532,2022-09-15,嘉实纳斯达克100ETF发起联接（QDII）(016532),-0.46%,-21.94%,21.58%,0.46%
QDII,011706,2021-07-01,长信标普100等权重指数（QDII）美元份额,-0.57%,-22.14%,21.69%,0.58%
QDII,017144,2023-05-23,华宝海外新能源汽车股票发起式（QDII）(017144),-12.14%,-31.26%,21.76%,13.82%
QDII,019174,2023-09-27,摩根纳斯达克100指数(QDII)美元A,-0.42%,-22.14%,21.81%,0.42%
QDII,159659,2023-04-12,招商纳斯达克100ETF（QDII）(159659),-0.54%,-22.36%,21.95%,0.54%
QDII,159513,2023-07-12,大成纳斯达克100ETF（QDII）(159513),-0.57%,-22.44%,21.99%,0.58%
QDII,013404,2021-09-03,大成标普500等权重指数(QDII)A美元,-1.64%,-23.31%,22.02%,1.67%
QDII,021778,2024-08-14,广发纳指100ETF联接（QDII）F,-0.56%,-22.55%,22.11%,0.56%
QDII,159696,2023-08-17,易方达纳斯达克100ETF（QDII）(159696),-0.52%,-22.51%,22.11%,0.52%
QDII,159660,2023-03-30,汇添富纳斯达克100ETF(159660),-0.52%,-22.52%,22.12%,0.53%
QDII,513530,2022-04-08,华泰柏瑞中证港股通高股息投资ETF(QDII)(513530),-3.77%,-25.06%,22.12%,3.92%
QDII,513870,2023-10-25,富国纳斯达克100ETF（QDII）(513870),-0.52%,-22.55%,22.15%,0.52%
QDII,513110,2023-03-01,华泰柏瑞纳斯达克100ETF(QDII)(513110),-0.53%,-22.56%,22.15%,0.53%
QDII,159501,2023-05-31,嘉实纳斯达克100ETF（QDII）(159501),-0.52%,-22.59%,22.19%,0.53%
QDII,513390,2023-04-19,博时纳斯达克100ETF(513390),-0.53%,-22.64%,22.23%,0.53%
QDII,159632,2022-07-21,华安纳斯达克100ETF（QDII）(159632),-0.53%,-22.67%,22.26%,0.53%
QDII,159607,2021-11-24,嘉实中证海外中国互联网30ETF（QDII）(159607),-31.09%,-46.57%,22.46%,45.12%
QDII,017653,2023-03-24,创金合信全球芯片产业股票发起（QDII）(017653),-1.54%,-23.85%,22.66%,1.57%
QDII,513310,2022-11-02,华泰柏瑞中证韩交所中韩半导体ETF(QDII)(513310),0.00%,-22.72%,22.72%,0.00%
QDII,022664,2024-11-26,华泰柏瑞纳斯达克 100ETF 发起式联接（QDII）I,-0.47%,-23.22%,22.86%,0.47%
QDII,164212,2023-06-06,天弘全球新能源汽车股票（QDII-LOF）(164212),-0.39%,-23.32%,23.01%,0.39%
QDII,513890,2021-12-17,摩根恒生科技ETF(QDII)(513890),-27.57%,-44.41%,23.25%,38.06%
QDII,206006,2010-10-12,鹏华全球中短债债券（QDII）(206006),-54.74%,-65.27%,23.27%,120.96%
QDII,159605,2021-11-24,广发中证海外中国互联网30（QDII-ETF）(159605),-31.24%,-47.28%,23.32%,45.44%
QDII,015203,2022-03-07,汇添富全球移动互联混合（QDII）人民币D,-1.19%,-24.43%,23.52%,1.21%
QDII,501226,2023-04-21,长城全球新能源车股票发起式（QDII）(501226),-0.39%,-23.85%,23.54%,0.39%
QDII,012060,2021-07-30,全球消费精选混合（QDII）(012060),-6.48%,-28.81%,23.88%,6.93%
QDII,017091,2022-12-09,景顺长城纳斯达克科技ETF联接（QDII）(017091),-0.52%,-24.61%,24.21%,0.52%
QDII,019118,2023-08-15,景顺长城纳斯达克科技ETF联接（QDII） E人民币,-0.52%,-24.65%,24.26%,0.53%
QDII,159509,2023-07-19,景顺长城纳斯达克科技ETF(QDII) (159509),-0.67%,-25.05%,24.55%,0.68%
QDII,017071,2023-11-17,申万菱信全球新能源股票型发起式（QDII）(017071),-0.43%,-25.26%,24.93%,0.43%
QDII,019710,2023-11-07,广发道琼斯石油指数（QDII-LOF）E,-6.09%,-29.66%,25.09%,6.49%
QDII,014438,2021-12-21,博时恒生科技ETF发起式联接（QDII）(014438),-26.94%,-45.27%,25.09%,36.88%
QDII,016701,2023-03-15,银华海外数字经济量化选股混合发起式（QDII）(016701),-0.65%,-25.86%,25.37%,0.66%
QDII,159750,2022-01-26,招商中证香港科技ETF（QDII）(159750),-26.00%,-45.15%,25.87%,35.13%
QDII,015884,2022-10-28,中欧港股数字经济混合发起（QDII）(015884),-3.16%,-28.69%,26.36%,3.26%
QDII,017436,2023-03-02,华宝纳斯达克精选股票发起式（QDII）(017436),-4.64%,-29.87%,26.46%,4.86%
QDII,501225,2023-03-30,景顺长城全球半导体芯片股票（QDII-LOF）(501225),-1.38%,-27.62%,26.61%,1.40%
QDII,018851,2023-09-05,博时标普石油天然气勘探及生产精选行业指数发起（QDII）(018851),-5.82%,-31.47%,27.24%,6.18%
QDII,017730,2023-02-09,嘉实全球产业升级股票发起式（QDII）(017730),-0.71%,-27.98%,27.46%,0.71%
QDII,486002,2010-05-25,工银全球精选股票(QDII)(486002),-1.67%,-28.69%,27.47%,1.70%
QDII,519696,2008-08-22,交银环球精选混合(QDII)(519696),-0.74%,-28.19%,27.66%,0.74%
QDII,159502,2023-12-26,嘉实标普生物科技精选行业ETF（QDII）(159502),-7.00%,-32.92%,27.87%,7.53%
QDII,501312,2023-04-11,华宝海外科技股票（QDII-LOF）(501312),-2.93%,-30.08%,27.97%,3.02%
QDII,539001,2010-09-14,建信纳斯达克100指数（QDII） (539001),-0.53%,-28.65%,28.27%,0.53%
QDII,160213,2010-04-29,国泰纳斯达克100指数(QDII)(160213),-0.22%,-29.06%,28.91%,0.22%
QDII,016664,2023-04-26,天弘全球高端制造混合（QDII）(016664),-1.15%,-30.39%,29.58%,1.16%
QDII,013171,2021-09-14,华夏恒生互联网科技业ETF发起式联接（QDII）(013171),-37.74%,-56.32%,29.84%,60.62%
QDII,159518,2023-11-01,嘉实标普石油天然气勘探及生产精选行业ETF（QDII）(159518),-6.39%,-34.67%,30.21%,6.83%
QDII,513350,2023-11-20,富国标普石油天然气勘探及生产精选行业ETF（QDII）(513350),-6.36%,-34.85%,30.42%,6.80%
QDII,262001,2011-09-22,景顺长城大中华混合（QDII）(262001),-16.41%,-42.11%,30.74%,19.64%
QDII,096001,2011-03-23,大成标普500等权重指数QDII(096001),-2.12%,-32.94%,31.49%,2.16%
QDII,015204,2022-04-07,银华全球新能源车量化优选股票发起式（QDII）(015204),-0.59%,-32.65%,32.26%,0.59%
QDII,160719,2011-08-04,嘉实黄金（QDII-FOF-LOF）(160719),-15.56%,-42.98%,32.47%,18.43%
QDII,012979,2021-09-09,大成恒生科技ETF发起式联接(012979),-26.49%,-50.88%,33.18%,36.03%
QDII,080006,2010-05-26,长盛环球行业混合(QDII)(080006),-30.36%,-53.76%,33.60%,43.60%
QDII,320013,2011-01-13,诺安全球黄金（QDII-FOF）(320013),-14.13%,-43.42%,34.11%,16.45%
QDII,013127,2021-10-26,汇添富恒生科技ETF联接发起式（QDII）(013127),-26.49%,-51.79%,34.42%,36.03%
QDII,161116,2011-05-06,易方达黄金主题（QDII-LOF-FOF）(161116),-16.37%,-45.42%,34.74%,19.57%
QDII,014424,2021-12-28,博时恒生医疗保健ETF发起式联接（QDII）(014424),-22.69%,-49.60%,34.81%,29.35%
QDII,513120,2022-07-01,广发中证香港创新药（QDII-ETF）(513120),-21.92%,-49.11%,34.82%,28.08%
QDII,013402,2021-09-28,华夏恒生科技ETF发起式联接（QDII）(013402),-27.02%,-52.44%,34.83%,37.02%
QDII,016970,2022-11-22,华夏恒生生物科技ETF发起式联接（QDII）(016970),-21.58%,-49.61%,35.74%,27.51%
QDII,241001,2008-05-07,华宝海外中国混合(241001),-35.65%,-58.71%,35.84%,55.39%
QDII,012804,2021-08-11,广发恒生科技ETF联接（QDII）(012804),-27.90%,-53.78%,35.89%,38.70%
QDII,012348,2021-07-06,天弘恒生科技ETF联接(012348),-33.81%,-57.84%,36.31%,51.07%
QDII,513280,2022-07-05,汇添富恒生生物科技ETF(513280),-21.74%,-50.72%,37.03%,27.78%
QDII,012584,2021-08-10,南方中国新兴经济9个月持有期混合（QDII）(012584),-10.08%,-43.45%,37.11%,11.21%
QDII,017429,2023-03-14,嘉实全球创新龙头股票（QDII）(017429),-16.96%,-47.88%,37.24%,20.42%
QDII,159615,2022-06-17,南方恒生生物科技ETF（QDII）(159615),-22.12%,-51.22%,37.36%,28.41%
QDII,164701,2011-08-31,汇添富黄金及贵金属（QDII-LOF-FOF）(164701),-18.43%,-49.40%,37.97%,22.59%
QDII,378006,2011-01-30,摩根全球新兴市场混合(QDII)(378006),-1.47%,-39.80%,38.90%,1.49%
QDII,539002,2011-06-21,建信新兴市场混合（QDII）(539002),-1.58%,-39.89%,38.92%,1.60%
QDII,159747,2021-07-02,南方中证香港科技ETF（QDII）(159747),-40.01%,-63.64%,39.40%,66.69%
QDII,160717,2010-09-30,嘉实H股指数（QDII-LOF）(160717),-26.38%,-57.73%,42.58%,35.83%
QDII,460010,2010-12-02,华泰柏瑞亚洲领导企业混合(QDII)(460010),-44.47%,-68.12%,42.59%,80.09%
QDII,040021,2011-05-17,华安大中华升级股票（QDII）(040021),-0.03%,-42.92%,42.90%,0.03%
QDII,040018,2010-09-19,华安香港精选股票(QDII)(040018),-0.44%,-44.66%,44.42%,0.44%
QDII,519601,2008-06-27,海富通中国海外混合(QDII)(519601),-20.83%,-56.60%,45.19%,26.31%
QDII,050015,2010-07-27,博时大中华亚太精选股票(QDII)(050015),-20.75%,-57.14%,45.91%,26.19%
QDII,100055,2011-07-13,富国全球科技互联网股票（QDII）(100055),-0.60%,-46.94%,46.62%,0.61%
QDII,202801,2007-09-19,南方全球精选配置股票（QDII-FOF）(202801),-16.15%,-56.02%,47.54%,19.26%
QDII,270023,2010-08-18,广发全球精选股票（QDII）(270023),-1.78%,-49.02%,48.10%,1.81%
QDII,070012,2007-10-12,嘉实海外中国股票混合(QDII)(070012),-33.77%,-66.10%,48.81%,50.99%
QDII,160125,2011-09-26,南方香港优选股票（QDII-LOF）(160125),-8.88%,-53.88%,49.39%,9.74%
QDII,159892,2021-09-29,华夏恒生生物科技ETF（QDII）(159892),-25.02%,-62.39%,49.84%,33.36%
QDII,050020,2011-04-25,博时抗通胀增强回报(050020),-34.13%,-67.37%,50.45%,51.82%
QDII,118001,2010-01-21,易方达亚洲精选股票(QDII)(118001),-12.38%,-57.06%,50.99%,14.13%
QDII,163813,2011-03-03,中银全球策略（QDII-FOF）(163813),-1.14%,-52.62%,52.07%,1.16%
QDII,486001,2008-02-14,工银全球股票(QDII)(486001),-3.51%,-54.58%,52.93%,3.63%
QDII,000041,2007-10-09,华夏全球股票(QDII)(000041),-12.30%,-59.31%,53.60%,14.03%
QDII,012535,2021-09-22,万家全球成长一年持有期混合（QDII）(012535),-14.99%,-61.38%,54.57%,17.63%
QDII,470888,2010-06-25,汇添富香港优势精选混合（QDII）(470888),-17.41%,-63.26%,55.52%,21.08%
QDII,377016,2007-10-22,摩根亚太优势混合(QDII)(377016),-2.63%,-67.99%,67.13%,2.71%
QDII,161815,2010-12-06,银华抗通胀主题（QDII-FOF-LOF）(161815),-5.12%,-69.43%,67.77%,5.40%
QDII,163208,2011-09-27,诺安油气能源（QDII-FOF-LOF）(163208),-3.28%,-70.26%,69.25%,3.39%
QDII,161129,2016-12-19,易方达原油(QDII-LOF-FOF)(161129),0.00%,-76.54%,76.54%,0.00%
QDII,160216,2012-05-03,国泰大宗商品（QDII-LOF）(160216),-31.39%,-86.00%,79.59%,45.75%
QDII,162411,2011-09-29,华宝油气(162411),-29.46%,-87.61%,82.43%,41.76%
